:020000040800F2
:100000006018002035B6000875B60008A5AB0008DA
:1000100079B600087DB6000881B60008000000002F
:1000200000000000000000000000000085B600088D
:1000300089B60008000000008DB6000805AC000875
:1000400091B6000895B6000899B600089DB600085C
:10005000A1B60008A5B60008A9B60008ADB600080C
:10006000B1B60008B5B60008B9B60008BDB60008BC
:10007000C1B60008C5B60008C9B60008CDB600086C
:10008000D1B60008D5B6000885AA0008D9B6000880
:10009000DDB60008E1B60008E5B600080DB40008BA
:1000A000ADAA00089FAA000813B40008E9B600082A
:1000B000DDAA0008EDB60008F1B60008F5B60008A4
:1000C000F9B60008FDB6000801B7000805B700083A
:1000D00009B7000847AB00080DB7000811B70008C2
:1000E00029AC000815B7000819B700081DB70008AB
:1000F00021B7000825B7000829B700082DB7000868
:1001000031B7000835B7000839B700083DB7000817
:1001100041B7000845B7000849B7000829B40008EE
:100120004DB7000851B7000855B7000859B7000887
:100130005DB7000861B7000865B7000869B7000837
:100140006DB7000871B7000875B7000879B70008E7
:100150007DB7000881B7000885B7000889B7000897
:100160008DB7000891B7000895B7000899B7000847
:100170009DB70008A1B70008A5B70008A9B70008F7
:10018000ADB70008B1B70008B5B70008B9B70008A7
:10019000BDB70008000000002FB4000835B4000807
:1001A000C1B70008C5B70008C9B70008CDB7000837
:1001B000D1B70008D5B70008D9B70008DDB70008E7
:1001C000E1B70008E5B70008E9B70008EDB7000897
:1001D000F1B70008F5B700082DE9F0472DED048BC5
:1001E000A0B001F0DBF800F0CDFF1421002268463A
:1001F00001F022F9DFF8ECABDFF8EC4BDAF84C0455
:10020000DFF8E87BDFF8E85BDFF8E86B40F0200020
:10021000CAF84C040122DAF84C0400F020000590E2
:100220000599DAF84C0440F00400CAF84C04DAF8F6
:100230004C0400F0040005900599DAF84C0440F0F5
:100240000100CAF84C04DAF84C0400F001000590F3
:100250000598DAF84C1441F01001CAF84C14DAF899
:100260004C0400F0100005900599DAF84C0440F0B9
:100270000200CAF84C04DAF84C0400F002000590C1
:100280000599DAF84C0440F00800CAF84C04DAF892
:100290004C0400F0080005900599DAF84C0440F091
:1002A0004000CAF84C041021DAF84C0400F0400079
:1002B00005900598204601F0DEF90022D02138464D
:1002C00001F0D9F901224FF48051284601F0D3F909
:1002D00000224FF44041284601F0CDF900220321CD
:1002E000304601F0C8F9102200920121019100224C
:1002F000029203926946204601F0E4F8D0200021E2
:10030000009001220291039101926946384601F062
:10031000D9F800224FF400640192029200946946D9
:10032000284601F0CFF84FF450420092012101918C
:100330000022029203926946284601F0C3F8012286
:10034000009201926946002202920392304601F027
:10035000B9F8012101910222032103910092029236
:100360006946304601F0AEF80021DFF8FC2D02911D
:100370004FF48066019200966946384601F0A2F873
:100380002020DFF8E81D00900191002202926946CA
:10039000284601F097F800220021172001F096F975
:1003A000172001F0BCF917A9002008604860886098
:1003B0003C21002208A801F03FF8202100226846D5
:1003C00001F03AF800200121DFF8A45DA86028615F
:1003D000A883696103200422002128624FF0A0470E
:1003E0004FF400284FF40049AA6185F82410E9620F
:1003F000296385F83810E96385F840102F60C5F847
:100400000480C5F80C90284601F0D5F9002017901B
:1004100017A9284601F04BFFDFF8580D0890092175
:10042000099101220A927F2004210B900C91002255
:100430000D928DF845200120002110908DF8441078
:100440008DF8461080228DF850101292139208A950
:10045000284601F0F4FC0422029204920621DFF8FF
:10046000180D009001917F230022039305926946A5
:10047000284601F0D1FADFF8040D009000210C228B
:10048000029101926946284601F0C6FADFF8F00CA5
:100490000090122101912846694601F0BDFA3C21E5
:1004A0000022684600F0C8FF07F58070E86600216A
:1004B00069670020E867C5F88000042185F8880096
:1004C000C5F8841001200021C5F88C0085F889103A
:1004D00085F8901085F8A410C5F8A81085F8AC1020
:1004E000C5F87080C5F8789005F16C0001F063F9EB
:1004F0000121029109220421049101920121089114
:100500007F2280210A910B9103920021DFF82C0DAC
:10051000009000228DF830100592ADF824208DF85F
:100520002620694605F16C0001F089FCC5F808A495
:1005300005F5816001F06EFF30210022684600F071
:100540007BFF07F50060C5F8300405F5866001F013
:1005500081FF0022ADF804200292049202200522BD
:1005600000210090039005900692079100226946B1
:1005700005F5866001F082FF0020052103900691B9
:100580001022694605F5866001F078FFDFF8B00CAF
:10059000DFF8B08CC5F8D8000021012085F8E9000B
:1005A000C5F8E0101120C5F8EC00C5F8E4100220F1
:1005B000C5F8F400C5F8F80085F8E8100120C5F882
:1005C000FC00C5F80001C5F80401C5F8080185F86C
:1005D000EA1000200121C5F80C01C5F81001C5F88A
:1005E0001401C5F8F01005F1D80002F01FF808F565
:1005F00080604FF48271C5F83C01C5F840110020BD
:100600004FF4E061C5F84401C5F84811C5F84C0144
:100610000121C5F850114FF40070C5F8540128218C
:10062000C5F858110020C5F85C01C5F86001C5F88F
:1006300064010721C5F86C01C5F87001C5F868119F
:1006400005F59E7002F098FB142100221AA800F014
:10065000F3FE0AA8002101604160816007A80160E3
:100660004160816000221C21684600F0E5FE3421D3
:1006700000220DA800F0E0FE0020C5F85402202161
:1006800042F23410C5F85C02C5F85812002001216E
:10069000C5F868024FF48077C5F86412C5F8508237
:1006A000C5F8607205F5147002F0B4FD05F514701C
:1006B00002F0DEFD102106221B911A921AA905F5FF
:1006C000147002F0CDFF70200A9000220B920C9261
:1006D0000AA905F5147003F04FFA0120079008905D
:1006E000099007AA022105F5147003F0D7FA6020DB
:1006F00000900022019202920392049205920692C7
:10070000694605F5147002F001FF002001900422F3
:10071000694605F5147002F0F9FE002001900822E8
:10072000694605F5147002F0F1FE70200022009079
:100730000192039269460C2205F5147002F0E6FE60
:10074000002211921392BF2100204FF080724FF0CF
:1007500000730D940E960F971091129014901592AD
:1007600016931790189019900DA905F5147003F0C1
:1007700039FA05F5147003F0E5FC2421002203A8E2
:1007800000F05AFE4FF08042C5F89022002001226E
:10079000059240F2FF710C220792009001900290A6
:1007A000C5F89402C5F89802C5F89C12C5F8A002D5
:1007B0000122099200210320C5F8A8120390049198
:1007C000069108910A910C220B9203A905F5247059
:1007D00002F06AFD002000900290694605F5247041
:1007E00003F0CAF908F54060C5F8A0014FF4E13103
:1007F000C5F8A4110020C5F8A801C5F8AC01C5F8DA
:10080000B0010C21C5F8B801C5F8BC01C5F8C0019C
:10081000C5F8C401C5F8C801C5F8B41105F5D07014
:1008200003F022FD002105F5D07004F00BFC00213F
:1008300005F5D07004F058FC05F5D07004F0E0FB2D
:1008400004F0ACFC00200021C5F8D8020091019111
:1008500002918020DFF80C2BC5F8E80240F2A3617A
:10086000C5F8D022C5F8D41242F20F74C5F8DC42A4
:1008700005F5347002F0CEFC00200090029069462D
:1008800005F5347003F078F9DFF8DC6AC5F85C43ED
:1008900006F58060C5F8500300218020C5F8680384
:1008A00040F2A467C5F85813C5F86013C5F864137F
:1008B000C5F8547305F5547002F0ACFC0020C5F87F
:1008C0001803C5F82003C5F824038021C5F82813B0
:1008D000C5F81063C5F81473C5F81C4305F54470DA
:1008E00002F098FC01220421182000F0EFFE1820ED
:1008F00000F015FF00220021192000F0E7FE19206A
:1009000000F00DFF00220221122000F0DFFE122075
:1009100000F005FF002203211C2000F0D7FE1C2060
:1009200000F0FDFE01220321252000F0CFFE25204E
:1009300000F0F5FE00220321282000F0C7FE282049
:1009400000F0EDFED5F89002C16841F40011C160DD
:10095000C16841F48001C160C16841F40001C16017
:1009600005F5347002F070FC05F5547002F06CFC73
:1009700004F036FC04F057FC4FF47A7004F0DEFE0D
:10098000012302224FF0A04105F58B6004F0ECFE3C
:1009900085F89A03012303224FF0A04105F2644039
:1009A00004F0E2FE85F89B030A21002085F84D0241
:1009B00085F8C013012085F8C40385F8C5030A2013
:1009C00004F07EFF10F1010F50D0A5F8C203B5F876
:1009D000C20304F0D4FF85F8C70304F0ACFF0100A4
:1009E00005D16021022285F84D1285F8342285F860
:1009F000C60305F56D7004F0F3FF05F5767005F09C
:100A00001FF800200021DFF86C4985F8D50385F830
:100A1000E71303222270042085F82C0285F8341293
:100A20000020062185F8350285F8E11385F8E803F2
:100A300005F078F885F8F203F8B94FF4967105F0EF
:100A400077F805F07DF84FF47A7004F077FE05F042
:100A5000DFF895F83D12401885F83D0240F6CC4786
:100A600095F83402022840F08B820DE05F210220CD
:100A700085F84D1285F83402BBE754215FF002007F
:100A800085F84D1285F8340295F84E02401C85F821
:100A90004E024FF47A7004F051FEF5E7DFF8D818F3
:100AA0000878042844DC4A8848F212314A43114449
:100AB000490E01EE101AB8EE411AB0EE080A00EE27
:100AC000900A21EE000AF8EE600AF4EE400AF1EE18
:100AD00010FA38DA95F8E60301283BD095F8ED03D3
:100AE00000285DD195F8A403B0F1000F40F0D2804A
:100AF00095F8A603002800F0FB8005F50B7105F5BD
:100B0000677005F048F9B5F89C03A5F83202B5F90D
:100B10009E03010048BF4942B5F92E229142C0F21E
:100B2000D88095F83532022B40F0DC80D4E000BF4D
:100B3000B5F83832042BB6DC6322012385F84D2248
:100B400085F8E633AFE761205FF0010185F84D02DB
:100B500085F8E61305F05CF895F83D12401885F825
:100B60003D0205F0B1F9DFF814080021018095F885
:100B70004D0204F01DFC0420002185F82C0285F8AC
:100B8000E613ABE70246524248E26220012185F8B3
:100B90004D02A5F8F62385F8E613A5F8F42399E7A6
:100BA00004F00AFF06464FF0FF3086420CD10220C7
:100BB00085F834025A21002085F84D12A5F8026408
:100BC00085F8ED038EE700BFD5F89002DFF8B01787
:100BD000426AA2FB0110000A40F2991101FB1022A7
:100BE000304601EE102ADFF89C2780FB02320244D7
:100BF000D21202EBD27207FB120000EE900AB8EE9E
:100C0000411ADFED751AF8EEE00A9FED740AC1EEA5
:100C1000211A9FED731A80EE811A21EE808A21EE4F
:100C2000009A78EE498A18EE900A05F06FF921F0E3
:100C300000410122DFF8503705F08CF914D895F8FF
:100C4000EE03401CC2B2022A10DD05F2544105F247
:100C5000504381ED009A59220221C3ED008A85F8A4
:100C60004D2285F8341201E05FF0000085F8EE03B4
:100C700005F2444305F2484205F24C41002083ED61
:100C8000008A82ED009AC1ED008AA5F8026485F819
:100C9000ED0327E705F5677005F068F8B5F8A003E0
:100CA00085F82D02012185F8341285F835120020CF
:100CB0000221C5F8400285F82C1205F56D7004F08C
:100CC00098FE05F56D7004F09BFE002085F8A403E6
:100CD0000EE7022285F835221D29DCBF012185F8A7
:100CE000A51300BFA5F82E025FF0000085F8A6034B
:100CF00095F8A50360BB95F82C02002804BF95F871
:100D0000CE0300283ED1B5F83002D5ED900A00EEB2
:100D1000100AB8EE400AF4EE400AF1EE10FA6DDA6D
:100D200095F8DC03B0F1010F00F0868095F8F1032F
:100D3000B0F1000F40F0968095F83402B0F1010F49
:100D400000F09C8095F83402022800F0E580F5E080
:100D500004F05EFF95F83D12401885F83D0205F558
:100D6000677005F057F80020A5F82E0285F83402C8
:100D700000210420A5F8321285F8351285F82C02DE
:100D800085F8A51395F8CE030128C9D195ED900AF1
:100D9000DFED190AB4EE600AF1EE10FAC0DB04F0E0
:100DA00037FF95F83D12401885F83D0200220220D9
:100DB00085F8352285F8340204F0D3FA95F83C0220
:100DC000401C85F83C02012004F0DEFA95F8CE03C1
:100DD000401C85F8CE03A3E7CDCCCC430000B44340
:100DE00000C04C45000C02400014004800080048B8
:100DF000000C0048001800480000704204F008FF92
:100E000095F83D12401885F83D020221002085F832
:100E1000350285F8341204F0A4FA95F83C02401C1F
:100E200085F83C02012004F0AFFA95F8CE03401C8F
:100E300085F8CE03A6E700BF05F50B7105F57670C2
:100E400004F00CFE010009D00021A5F8DA135522A8
:100E50005FF0020185F84D2285F8341285F8F00321
:100E600064E700BF05F5767004F0F0FD05F57670D7
:100E700004F0F1FD002085F8F1035DE7B5F83812C4
:100E8000B5F82E02401A02B2002A29D403B240F269
:100E9000DD52934280F22880A5F8F40305F56D70C9
:100EA00004F0B3FDB5F92E02002848BF404281B2DC
:100EB00005F56D7004F0B9FD95F8BC0300283FF40A
:100EC00041AF95F8B90301287FF43CAF95F84D1276
:100ED00095F8B603022285F8342288B1582119E02A
:100EE00010464042D2E700BFB5F832221A2AD3DBBF
:100EF00002235C2285F8343285F84D22CCE700BF0E
:100F000095F8B80310B1572104E000BF95F8B70376
:100F100000B1562185F84D1204F07AFE95F83D1285
:100F2000401885F83D020021002085F8E00385F88F
:100F30003512042085F82C0285F8DC1395F8E403BB
:100F4000B0F1000F40F0728095F8E50310B100F0A9
:100F5000F1FB00BF95F8E903B0F1000F40F080808D
:100F600095F8EA0360B100BF04F052FE95F83D1217
:100F7000401885F83D02002085F8E90385F8EA036A
:100F8000012105F5647004F075FC022105F564701B
:100F900004F070FC05F5647004F0ECFB05F50B70D3
:100FA00004F0FAFD04F0F0FF95F8EF0330B10021F2
:100FB00085F8341285F84D1285F8EF1395F8B003D3
:100FC000B0F1010F00F0888095F8B103B0F1010F86
:100FD00000F0948095F8B203B0F1010F00F09C800E
:100FE00005F50B7004F026FF05F50B7004F074FF97
:100FF00095F8E7132078012900F0968000283FF447
:101000004DAD01287FF466ADDFF87013B5F83602F8
:101010000A88121A10B200283FF5B4AD10B2652844
:10102000BFF6B3ADA5F8F42354E500BF04F0F0FD1E
:1010300095F83D12401885F83D020022022085F8FF
:10104000352285F834020422CC4885F82C22002170
:101050000180012004F098F9002085F8E40373E78B
:10106000B5F8F803F0B195F8EB1301297FF478AFE8
:10107000D5F89022516AA5F8FC13B5F9FC23B5F90F
:10108000FA13521AA5F8002491B212B2002A56D4CB
:10109000A5F8FE13B5F8FE13652953DB012085F88A
:1010A000EA0361E74FF47A7105F016F804F048FDA1
:1010B000B5F8F8035930A5F8F803002185F8EB13CB
:1010C00085F8EC134FF47A7004F038FBD5F89012E1
:1010D000486AA5F8FA0343E705F50B7105F56A7050
:1010E00004F0BCFD05F56D7004F083FC03210020C5
:1010F00085F82C1285F8B00366E700BF05F50B7183
:1011000005F56A7004F019FE0421002085F82C1200
:1011100085F8B1035EE700BF05F56A7004F01AFEBA
:10112000002085F8B2035BE700287FF467AF012059
:1011300020700021904801220173427164E75242FD
:101140001146A5E741F274118842BFF609AF593044
:10115000A5F8F8034FF47A7100B204F0BDFF002047
:1011600085F8EB03FCE600000000211000001110E0
:10117000FC0C00208000501D0200300404006008B8
:101180000800900C00B5A9B03821002205A800F095
:1011900053F914210022684600F04EF95421002230
:1011A00013A800F049F9002004F09EFF4FF480716D
:1011B0000891022202210C910D91059204210E91B9
:1011C00040220821099210911191552202210F927B
:1011D000129105A804F0EEFF0F20002100900322D9
:1011E00002910391049101920821684605F006FAE4
:1011F00049F201020021139214914FF080724FF0D6
:1012000080512192249113A805F03EFB29B000BD26
:1012100010B50446C80710D55C4A02F128034021E6
:10122000204601F0CFFB08B904F0D5F82046BDE810
:1012300010400022012101F068BC10BD0001802196
:1012400000680040002C014001685148814200D0F4
:10125000704730B54F4C94F8E00381B0B8B194F8C2
:10126000E203401C84F8E20394F8E11394F8E203EB
:1012700081420CD294F8E21384F8F3135E2084F8D0
:101280004D020221002084F8341284F8E003B4F8FF
:10129000041494F8A703491C10B1012284F8A62372
:1012A00094F8DC0320B1B4F8DA036430A4F8DA036C
:1012B000012284F8ED234CF6CD42B4F8380201EE59
:1012C000100A88B2B8EE411A9FED280A424381EE17
:1012D000000AD20CDFED260A94ED901A02EB82058B
:1012E00000EE201AB0EB450084ED901A20D194F85E
:1012F000D103012804D1B4F8D203401CA4F8D203CE
:101300001D484278012A02D103785B1C03704279A0
:10131000012A02D1027B521C027394F8E90338B10E
:1013200094F8EC030122401C84F8EB2384F8EC03CE
:10133000A4F8041403F0A0FF03F0CBFF94F83402E8
:10134000022806D194F84D0201B0BDE8304004F007
:101350002FB801B030BD202803D10F490888401CA8
:101360000880704700140040004401400000E14440
:101370009CC4203F0C140020FC13002050140020BB
:1013800089163CA0A1000AA000001440B41300205C
:1013900000480140FC0C00205C140020032010B524
:1013A00000F08AF9042005F0D1FB0024002814BFC6
:1013B000012402F0EDFC204610BDF0B40246106896
:1013C00095681318506803EB5004C00748BF4D449C
:1013D000A3422DD013F8016B16F0030004BF13F8DD
:1013E000010BC01C31090F2907D113F8011B0F3164
:1013F00003E013F8017B05F8017B401EF9D10029B9
:10140000E6D013F8010BC6F38107032F08BF13F8CA
:10141000017B00EB0720404228440026B71E8F4284
:101420001EBF10F8017B05F8017B761CF6D1CFE7D3
:10143000F0BC02F10C00704762F30F2262F31F420E
:10144000401810F0030308D0C91A1FD3DB0748BFA8
:1014500000F8012D28BF20F8022D130030B41446E7
:101460001546103928BF20E93C00FAD8490728BFA3
:1014700020E90C0048BF40F8042D890028BF20F85F
:10148000022D48BF00F8012D30BC7047C91818BFA5
:1014900000F8012DCB0728BF00F8012D704790F808
:1014A0001C1169B9012180F81C110022D0F820110B
:1014B00080F81D21086840F0200008600220704775
:1014C000012070472DE9F04F0A4681B01168DFF81E
:1014D000C4E1DFF8C481DFF8C491DFF8C4A10023C0
:1014E00000294FF00F0B00F0BB800146012000FAED
:1014F00003FC10681CEA000000F0AD805468022C68
:1015000018BF122C5CD05F0003240D681679BC4014
:10151000E44306F003062540BE4035430D605568A0
:10152000012D18BF022D03D0112D18BF122D11D17E
:101530008D68D6682540BE4035438D604D6825EAEC
:101540000C065568C5F3001515FA03F545EA060CB7
:10155000C1F804C0D1F80CC0956804EA0C0405FA7F
:1015600007F72743CF605468E40074D5DAF80050D9
:1015700045F00105CAF800504FEA930CDAF8004034
:1015800004F001040094009C59F82C709C0004F0B5
:101590000C040BFA04F5AF43B1F1904F20D0414554
:1015A00020D0404DA9421FD03F4EB1421ED03F4DEA
:1015B000A9421DD03E4EB14214BF0625052519E0B3
:1015C000DC0801EB84049D00276A05F01C050BFA7A
:1015D00005F6B743166906FA05F53D43256292E71D
:1015E000002507E0012505E0022503E0032501E0D1
:1015F0005FF0040505FA04F43C4349F82C40C44369
:10160000DEF800C0566804EA0C0CF50348BF40EA57
:101610000C0CCEF800C0DEF804C0556804EA0C0CCF
:10162000AE0348BF40EA0C0CCEF804C0DEF808C098
:10163000566804EA0C0CF50248BF40EA0C0CCEF8E0
:1016400008C0DEF80CC0556804EA0C04AD0248BFBF
:101650000443CEF80C4010685B1CD8407FF446AFC2
:1016600001B0BDE8F08F000000690140481E8041D4
:10167000C043C00F70470AB18161704781627047F3
:101680000C490A6803461A421CBF0B60FFF763BE91
:1016900070470000000401400004004808000140B9
:1016A0006010024000080048000C0048001000488C
:1016B00000140048140401402E490A6860F30A220D
:1016C00040F2FA5060F31F420A60704770B4294D2F
:1016D0002C68C4F30224C4F10703052B2FBF0F2588
:1016E00001259D406D1E261D072E34BF0024E41EDB
:1016F0002940A140012303FA04F4641E224011434F
:101700000A01010003D41C4B5A5470BC70471B489B
:1017100001F00F01014401F8042C70BC7047010076
:1017200007D4012200F01F01154B8A40400943F8FD
:1017300020207047BFF34F8F0E4A1248116801F402
:10174000E06101431160BFF34F8F00BFFDE7401E12
:10175000B0F1807F01D3012070470B494860F02031
:1017600081F8130D00228A6007200860002070476E
:1017700005F010BA0CED00E000E400E018ED00E028
:1017800000E100E00400FA0510E000E000F11403BD
:10179000C80D00F00400C018090D01F01F01D0F8B9
:1017A00000C007238B402CEA030C02FA01F141EA46
:1017B0000C010160704730B581B00446002000255F
:1017C000009014B9012001B030BDE06D30B9204661
:1017D00002F0FFFA0021216684F858102168886819
:1017E000800004D58A68DFF8100202408A60216810
:1017F0008868C00027D48A68DFF80002DFF800326A
:10180000024042F080528A6000211868DFF8F4211B
:10181000E0FB0221490C00910098A0B10098401E05
:101820000090009878B10098401E0090009850B148
:101830000098401E0090009828B10098401E00902B
:1018400000980028EAD121688868C00008D4E26DB9
:1018500042F01002E2650125206E40F00100206692
:101860008868E26DD30600F1BE80400700F1BB80BE
:10187000E26D22F4807242F00202E2658868C007DD
:101880002ED4B1F1A04F1CBFDFF87C01814205D1FD
:10189000DFF878010268D0F8000108E0DFF86C0199
:1018A000D0F80024D0F80035D0F800061A431043D1
:1018B00010F0010014D1B1F1A04F1CBFDFF84801B6
:1018C000814207BFDFF8441101F54072DFF83C01A7
:1018D00000F5E0621168606821F47C110143116039
:1018E000607FE36BA16894F8242043EA4033E0680A
:1018F00003431943012A41EA024103D1A06A401E71
:1019000041EA4041E06A20B100F478700843216B5D
:1019100001432268DFF8F800D36803401943D1601F
:1019200021680A69606B22F0406202430A61216803
:101930008A688868520742D4000740D4CA68DFF832
:10194000D400237F024094F8380042EA833242EA0E
:101950004002CA6020690028206801690CD041F467
:10196000803101612268D2F8C0102069890B40EAF9
:101970008131C2F8C01009E021F480310161206892
:10198000D0F8C010890B8903C0F8C01094F840004B
:1019900001280FD122681369606CA16C6FF38A0370
:1019A0000343E06C0B43216D03430B4343F00103FE
:1019B000136104E020680169490849000161606918
:1019C00001282068016B05D1226A0909521E42EAEA
:1019D000011101E00909090101630121E06D61F3D1
:1019E0000100E06504E0E06D40F01000E0650125D5
:1019F000284601B030BD0000C0FFFF5FC0FFFF7F81
:101A0000E805002047ACC5A70001005008000050C1
:101A10000740F0FFFDBFFFFFF0B581B00546002095
:101A20000E460090002495F85810012908BF0220A6
:101A300000F0D381012085F85800296888684007A4
:101A400000F1C2817268306801F13003910901F040
:101A50000C01C91802F01F020B681F279740C0F342
:101A60008460BB4300FA02F21A430A602868826865
:101A70008168520700F1A580090700F1A280B268D1
:101A8000B2F1004F08D131680022FFF77FFE2868CD
:101A9000416941F0004106E03168FFF777FE2868B0
:101AA000416921F0004141612B68D96830690428FF
:101AB00030D06033326803EB8003DFF82C031F68FB
:101AC000074002F0F8423A43C9087769480000F03D
:101AD000060087403A4342F000421A6029683369A1
:101AE000B069603101EB83010A6822F08072104313
:101AF0000860307F01280CBF4FF00070002029687B
:101B00003369603101EB83010A6822F000721043EF
:101B1000086056E003F16000016801683368C1F3B2
:101B200084615A030EBFC3F3846293FAA3F2B2FA3C
:101B300082F2914203D1016821F0004101602868DE
:101B4000603050F8041F01683268C1F384615303A8
:101B50000EBFC2F3846292FAA2F2B2FA82F291420A
:101B600003D1016821F0004101602868603050F81D
:101B7000081F01683368C1F384615A030EBFC3F3C1
:101B8000846293FAA3F2B2FA82F2914203D101681D
:101B900021F0004101602868603050F80C1F016896
:101BA0003368C1F384615A030EBFC3F3846293FAAE
:101BB000A3F2B2FA82F2914203D1016821F000410E
:101BC00001602B689868C0076BD4F1683268D3F85D
:101BD000B070C2F312008743DFF8100201F0180161
:101BE000C84002403A43C3F8B020F168DFF8000271
:101BF000814256D1336858030EBFC3F3846093FA11
:101C0000A3F0B0FA80F0401C00F01F000A2821D297
:101C1000580306D1C3F38461C3F38460C3F38463C0
:101C200005E093FAA3F0B0FA80F108460B46491C90
:101C3000401C8906012200F01F005B1C01F0F841E6
:101C400002FA00F003F01F03014303EB430341EAF0
:101C5000035122E0580306D1C3F38462C3F38460C6
:101C6000C3F3846305E093FAA3F0B0FA80F2104660
:101C70001346521C401C5B1C9206012100F01F0001
:101C800003F01F0302F0F84281400A3B114303EBCB
:101C9000430341EA035141F00071B2682868FFF73D
:101CA00075FD3068DFF84C11084200F09280296819
:101CB000B1F1A04F1CBFDFF82C2191420EBFDFF81D
:101CC0002021DFF81C2102F580621268DFF828610C
:101CD00002F0E072B0421CBFDFF8203198423FD1E1
:101CE00016023DD4B1F1A04F08D0DFF814018142B3
:101CF0006FD1DFF8EC1001F5806001E0DFF8E00063
:101D00000168DFF8006121F0E0710A4342F400024B
:101D1000026000213268DFF8F000E2FB0001480CAD
:101D200000EB40039B0000930098002851D00098DE
:101D3000401E0090009800284BD00098401E009054
:101D40000098002845D00098401E00900098002878
:101D50003FD00098401E009000980028E7D138E05E
:101D6000DFF8A830984216D1D00132D4B1F1A04F9B
:101D70001CBFDFF8700081420EBFDFF86410DFF88F
:101D8000601001F58061086820F0E070024342F0C5
:101D900080720A601DE0DFF87830984219D156024F
:101DA00017D4DFF84000814213D0DFF83400B1F1DE
:101DB000A04F18BF00F58060016821F0E0710A4370
:101DC00042F48002026004E0E86D40F02000E86523
:101DD0000124002085F85800204601B0F0BD000025
:101DE000080300500001005000F0FF03FFFF070050
:101DF00000007F4000000880000021C31000C09058
:101E000000060050E805002047ACC5A7000052C7F7
:101E1000000084CB00F11403C80D00F00400C018CA
:101E2000090D01F01F01D0F800C007238B402CEAF8
:101E3000030C02FA01F141EA0C0101607047F0B5B0
:101E400081B00546002000900E4695F85800002409
:101E50000021012808BF022000F0278268690122C2
:101E600085F8582000281CBF326A012A16D17068F4
:101E7000092836D13168B06A490C01F4785120B193
:101E800000F07C000843F16A01432B68DFF8480545
:101E9000DA6C02400A43DA64696622E0A86E50B93F
:101EA000AA666866316AB06A491E20B100F07C00FB
:101EB0000843F16A014330683279C0F3846002F06C
:101EC0001F0290400143A86E6A6E401E1143A8662F
:101ED000696630B92A68DFF80005D36C03401943FE
:101EE000D1642968886800070FD496F8250096F811
:101EF00026200028C86820F4401040EA425204BF5F
:101F000096F8243042EA0352CA6029688A688868D1
:101F1000520700F1D780030700F1D480B06A00288F
:101F20001CBFF06A002807D196F825000128C86870
:101F30000DD140F000700CE096F82500012805D185
:101F4000E86D40F02000E865012403E0C86820F057
:101F50000070C86096F830002A6801280AD1136919
:101F6000706BB16B23F4FF7303430B4343F0020325
:101F7000136103E0106920F002001061B268B2F151
:101F8000004F09D1316828680022FFF743FF286815
:101F9000416941F0004107E031682868FFF73AFFE6
:101FA0002868416921F0004141612B68D968306996
:101FB000042830D06033326803EB8003DFF81C0460
:101FC0001F68074002F0F8423A43C90877694800A1
:101FD00000F0060087403A4342F000421A60296848
:101FE0003269B069603101EB82010B6823F08073C4
:101FF00018430860307F01280CBF4FF000700020AC
:1020000029683369603101EB83010A6822F00072AC
:102010001043086056E003F160000168016833680E
:10202000C1F384615A030EBFC3F3846293FAA3F22F
:10203000B2FA82F2914203D1016821F000410160BD
:102040002868603050F8041F01683368C1F3846168
:102050005A030EBFC3F3846293FAA3F2B2FA82F278
:10206000914203D1016821F000410160286860308D
:1020700050F8081F01683368C1F384615A030EBF2A
:10208000C3F3846293FAA3F2B2FA82F2914203D1CB
:10209000016821F0004101602868603050F80C1F91
:1020A00001683368C1F384615A030EBFC3F38462CD
:1020B00093FAA3F2B2FA82F2914203D1016821F0BD
:1020C000004101602B689868C0076BD4F1683268E2
:1020D000D3F8B070C2F312008743DFF8040301F0B5
:1020E0001801C84002403A43C3F8B020F168DFF855
:1020F000F402814256D1336858030EBFC3F38460A3
:1021000093FAA3F0B0FA80F0401C00F01F000928F9
:1021100021D8580306D1C3F38461C3F38460C3F3A9
:10212000846305E093FAA3F0B0FA80F108460B4609
:10213000491C401C8906012200F01F005B1C01F0B5
:10214000F84102FA00F003F01F03014303EB4303DD
:1021500041EA035122E0580306D1C3F38462C3F37A
:102160008460C3F3846305E093FAA3F0B0FA80F2CD
:1021700010461346521C401C5B1C9206012100F0C5
:102180001F0003F01F0302F0F84281400A3B114395
:1021900003EB430341EA035141F00071B268286840
:1021A000FFF738FE3068904908427AD02968B1F1CB
:1021B000A04F1CBF874A91420EBF8C4A8B4A02F542
:1021C000806212688A4B02F0E07298421CBF894E0E
:1021D000B0423AD1130238D4B1F1A04F06D08648AC
:1021E00081425ED1814901F5806100E07F49086844
:1021F000824E20F0E070024342F400020A600021A7
:1022000032687F48E2FB0001480C00EB40039B0072
:1022100000930098002844D00098401E0090009839
:1022200000283ED00098401E00900098002838D02A
:102230000098401E00900098002832D00098401E60
:10224000009000980028E7D12BE06E4B984213D104
:10225000D00126D4B1F1A04F1CBF5E4881420EBF11
:102260006249624901F58061086820F0E07002432C
:1022700042F080720A6014E0634B984211D156021A
:102280000FD4544881420CD05848B1F1A04F18BF28
:1022900000F58060016821F0E0710A4342F4800299
:1022A0000260002085F85800204601B0F0BD70B4EF
:1022B00090F858300022012B08BF022000F08480E3
:1022C000012380F858300368B3F1A04F14D14F4C6C
:1022D000F834A4689D686D076DD464076BD4B3F1BE
:1022E000A04F1CBF3B4CA34207BF484B03F54075B2
:1022F000464C04F5E06510E0354DAB4203D1434C4C
:1023000004F59F64E5E7C26D42F02002C26500213A
:1023100080F85810012070BC70470B6853B32C68CC
:102320004B6890F8386024F460441C4344EA463417
:102330002C600468B4F1A04F1CBF264B9C4204D112
:10234000324B1C68D3F8003107E0304BD3F800441F
:10235000D3F80065D3F800363443234313F0010368
:102360002ED12E682A4B0C6889681E4026430E43E6
:102370002E6025E02B6823F460432B600168B1F1E7
:10238000A04F1CBF134B994204D120490B68D1F8D0
:10239000001107E01D49D1F80034D1F80045D1F80B
:1023A00000162343194311F0010109D12B68184984
:1023B0000B402B6004E0C26D42F02002C265012296
:1023C000002180F85810104670BC704700000000D3
:1023D00000040050000100500040100400F0FF0312
:1023E000FFFF070000007F40000008800803005046
:1023F000000021C31000C09000060050E805002036
:1024000047ACC5A7000052C7000084CB08000050AD
:10241000E0F0FFFF10B5040001D1012010BD94F8D9
:10242000210028B9002184F82010204601F041FD48
:1024300000206062A060206100216160E160616154
:10244000012084F82100002010BD00EB4100B0F90C
:102450003200704710B5040001D1012010BD207971
:1024600020B900216171204601F036FD0220207163
:102470000021216101202071002010BD2DE9F041D3
:1024800004460E466079012808BF022000F0C8808B
:10249000012161710220207102F01005B06804284A
:1024A00027D1002A3CD104F077FB07462068416B16
:1024B000080405D504F070FBC01B0128F6D937E0ED
:1024C000012003F03BF92068716A016440F2FF3398
:1024D0002068816CB26AAB409943AA401143816481
:1024E000FF232068C16CF26AAB409943AA401143B4
:1024F000C164F069012808D12068816B326A1F230A
:10250000AB409943AA401143816307202168CF6BF8
:10251000B169A8408743C80719D54FF0000822E0E9
:102520002068416B00290BD504F036FB0128F7D950
:10253000216941F00801216103202071BDE8F0818B
:10254000012003F0FBF82168706A4864BEE7880741
:1025500048BF4FF0010806D47069B0F1010868EB7C
:1025600008084FEAD878B1687069014348EA010861
:102570004FF48072AA4031799743012908BF48F48B
:1025800080784FF40071A94070798F43012808BF0B
:1025900048F400783068022827F440470DD104F051
:1025A0003EF92049884228BF47F4004706D21E4919
:1025B000884203D347F4804700E00743216808FAC4
:1025C00005F00743CF634FF4804122681068A940AB
:1025D0008843106040F6FE7220680168F368AA40E4
:1025E0009143AB4019430160C02221680868AA40AA
:1025F0009043086040F60F722068016E3369AA406C
:102600009143F2689B01C2F3830203F470631A439F
:1026100002FA05F50D430566012121710020607164
:10262000BDE8F0810168890901B4C40430B5040033
:1026300081B031D094F85C0028B9002184F85D1095
:10264000204601F077FC2168886920F0100088613D
:1026500004F0A2FA0546206881690A0705D504F04E
:102660009BFA401B0B28F6D30FE0816941F0010172
:10267000816104F091FA054620688269D1070ED481
:1026800004F08AFA401B0B28F6D3216E41F00101B9
:102690002166032084F85C00012001B030BD82690E
:1026A00042F00202826121685C48814202D1616885
:1026B0005B480160217C0129216888690CBF20F0FA
:1026C000400040F0400088612168607C01288869F2
:1026D0000CBF40F4804020F4804088612168A07CD9
:1026E000012888690CBF20F4805040F48050886134
:1026F00022689169A06821F44071014391612168C9
:10270000886920F0A40088612168086920F0100021
:102710000861E068012804D12168886940F004005C
:1027200013E098B12168022888690CD040F080003D
:1027300088612168086940F010000861E06803289A
:1027400004D12168886940F020008861E069A169AE
:102750006269401E491E000240EA4160216A491E2A
:1027600008432168521E40EA0240C861A068B0F5E3
:10277000407F0FD1A06AE16A401E491E40EA012055
:10278000216B626A491E40EA01102168521E40EA2C
:102790000240C8602168D1F8C020E06B0243C1F854
:1027A000C02021681F4A2048914208BF1F4803D01B
:1027B0001F4A914208BF1F482064D1F88030626BE5
:1027C00023F4F81343EA0243C1F8803000F17001AA
:1027D00061642368D3F88010A26B21F0706141EA34
:1027E000026100F51872C3F88010226500F5C4710B
:1027F000E16400F1B00300F51E71A364616500F5AA
:102800005472002140F8041B9042FAD3A16521665E
:10281000012084F85C0001B0002030BD006400405D
:10282000006500400068004000A4004050A7004040
:10283000006C0040A0AA004070B490F85C20012A0F
:1028400018BF022A1ED14B684E690C69CD688A6890
:102850000968920759B9006C42EAC56242EA04422B
:1028600000EB830032430260002070BC7047406C74
:1028700000EBC300324344EA457404604260002028
:1028800070BC7047016E41F002010166012070BC0E
:10289000704730B490F85C40012C11D10568029C5F
:1028A000D5F88000800944EA801444EA011444EA1F
:1028B000820444EA4304C5F88040002030BC7047DD
:1028C000016E41F004010166012030BC704790F8B0
:1028D0005C20012A0BD1022180F85C10026891690A
:1028E0004908490091610022026600207047016E8C
:1028F00041F004010166012070470000F0B590F836
:102900005C30022B57D10368D3F8C450AC0205D514
:10291000016E41F4007101660120F0BDD3F8C4409E
:102920000B698E681E43C4F301454B680C68002B8D
:102930000EBF46EA8446264346F080460B6ACF69BE
:102940004C6947EA03678B691F43CB6827433B43C6
:10295000476D05EBC50407EBC40707F108043E60AB
:102960007B600027CB680FF200464FEA134C16F845
:102970000C30BBB192F802E0D3784FEA0E4E4EEA2B
:10298000036E537812F804CB4EEA03234CEA030398
:1029900044F8043B3F1DCB684FEA134C16F80C304B
:1029A0009F42E7D30168012202FA05F5C1F8CC5035
:1029B00085650020F0BD016E41F00801016601202F
:1029C000F0BD0000F0B590F85C40022C40F097801C
:1029D0004029056810D1D5F8904014F00F0F05D1AB
:1029E000016E41F4807101660120F0BDD5F8904080
:1029F000866CC4F301250FE0D5F8984014F00F0F52
:102A000005D1016E41F4807101660120F0BDD5F859
:102A10009840C66CC4F3012505EBC50406EBC4065B
:102A2000346814F08044546037680CBFC7F38A4799
:102A300027F0604717604FF0000C376807F0005729
:102A4000976056F8044B04F0004414613768BFB235
:102A5000D761346804F47024D460376807F48017B1
:102A60005761346804F4001494613768C7F306644E
:102A700014620FF2F42756F8044BE40F5462D2F8B4
:102A80000C404FEA144E17F80E407CB316F80C4079
:102A900003F80C400CF1010CD468240C3C5DA445F7
:102AA00024D216F80C4003F80C400CF1010CD46849
:102AB0004FEA144E17F80E40A44517D216F80C40F2
:102AC00003F80C400CF1010CD468240C3C5DA445C7
:102AD0000CD216F80C4003F80C400CF1010CD46831
:102AE0004FEA144E17F80E40A445CFD30068402992
:102AF0000CBFC0F89450C0F89C500020F0BD016E8F
:102B000041F0080101660120F0BD70B490F85C301E
:102B1000012B18BF022B67D103689C6D11F0070FC2
:102B200001D0E5071DD511F0380F01D0A50718D544
:102B300011F4E07F01D0650713D511F4F05F01D0E7
:102B400025070ED511F4604F01D0E50609D511F423
:102B5000403F01D0A50604D511F47C0F05D06606D0
:102B600003D4DD6D45F00105DD6511F0070F01D0DF
:102B7000E3071DD411F0380F01D0A30718D411F4C6
:102B8000E07F01D0630713D411F4F05F01D0230775
:102B90000ED411F4604F01D0E30609D411F4403F84
:102BA00001D0A30604D411F47C0F06D0630604D52B
:102BB0000468E36D43F00203E3650B0605D5046882
:102BC000D4F8DC301343C4F8DC30CB0505D50468F9
:102BD000D4F8E0301A43C4F8E0200268506D014395
:102BE0005165002070BC7047016E41F00201016622
:102BF000012070BC70472DE9F043074681B038686A
:102C0000016D446D0C40016D456D0D40016DD0F8B6
:102C1000548008EA010101F03808016D466D0E404C
:102C2000016DD0F8549009EA010101F46029016DA9
:102C30004A0604F4E05405F0070506F4710607D5CA
:102C4000416D4A0604D540210165384603F0AAFFCC
:102C50003868016DCB050DD5426DD1050AD5D0F888
:102C6000D810D0F8E0304FF4807202651940384631
:102C700003F099FF2CB1386804652146384603F00B
:102C800093FF2DB13868056529463846FEF7C0FA2E
:102C9000B8F1000F06D03868C0F850804146384679
:102CA00003F083FF3868016D8A0508D5416D8A05F8
:102CB00005D54FF400710165384603F077FF386899
:102CC000016D0B060CD5426D110609D5D0F8D41054
:102CD000D0F8DC30802202651940384603F067FFE7
:102CE0003868016D8A0408D5416D8A0405D54FF412
:102CF00000510165384603F05BFF3868016D0A0436
:102D000008D5416D0A0405D54FF4004101653846E8
:102D100003F04FFF3868026D510409D5436D5A0422
:102D200006D54FF480410165386E40F0800038666A
:102D3000B9F1000F06D03868C0F8509049463846BF
:102D400003F038FF26B138680665396E0E433E66DB
:102D5000386E28B1384601B0BDE8F04303F02BBF10
:102D600001B0BDE8F083000000010203040506077E
:102D7000080C10141820304030B581B0040008BF92
:102D8000012053D00021A16294F85D0020B984F89D
:102D90005C10204601F010F9022184F85D102168D2
:102DA000086820F040000860E168B1F5E06F04D9E0
:102DB0000022B1F5706F03D104E04FF4805201D0CE
:102DC0000020A062206B30B9B1F5E06F87BF02210F
:102DD0002163012020636368A0682169256803439B
:102DE00060690B43A169034301F40071E0690B437F
:102DF000216A0343A06A0B4303432B60A369606A03
:102E0000616B1B0C03F004030343E0680B430343B3
:102E10001A4323685A602168C86920F40060C861B9
:102E200000212166012084F85D00002001B030BD42
:102E30002DE9F0470646012596F85C000C469146C0
:102E40004FF00008012808BF022000F026811F462D
:102E500086F85C5003F0A0FE96F85D20012A8246B9
:102E60000AD07068B0F5827F02BFB0680028042ADB
:102E700002D04FF0020809E1002C18BFB9F1000F91
:102E800000D00FB9A84601E196F85D0004281CBFE8
:102E9000052286F85D2000203066C6F84090A6F82E
:102EA0004670A6F84470B463F787B787F06430655E
:102EB00040F20172F068904238BF022F04D33368A9
:102EC000586820F4805003E03368586840F480501C
:102ED0005860306803685C0603D4036843F040031D
:102EE0000360F3687068089C934249D3002818BFB8
:102EF000012F09D1B26B30681188C160B16B881C99
:102F0000B063F18F481EF087F08F28B13168886870
:102F1000820715D505E000BFB6F846000028F5D1B8
:102F2000AAE0F08F002818BF002D09D0B26B1088DE
:102F3000C8600025B16B881CB063F18F481EF08714
:102F400031688868C2070FD5B6F8460060B1C96815
:102F5000306C01800125326C911C3164B6F846005A
:102F6000B0F10101A6F8461003F016FEA0EB0A002E
:102F7000A042C9D314F1010FC6D04FF0030885E079
:102F8000002818BF012F14D1B26B3068F18F0229CD
:102F900007D31288C260B16B881CB063F18F881EA2
:102FA00006E011780173B26B501CB063F18F481EBC
:102FB000F087F08FA0B13168886882071ED5F08F46
:102FC000002818BF002D19D0B26BF08F02280CD347
:102FD0001288CA60B06B811CB163F08F811E0BE058
:102FE000B6F846000028E6D146E012780A73B06BC6
:102FF000411CB163F08F411EF1870025316888685C
:10300000C20727D5B6F8460020B3306CB6F8462084
:10301000022A13D3C9680180306C821C3264B6F86E
:103020004600811EA6F84610B6F8460002280FD2C8
:103030003168486840F48050486009E0097B0170BD
:10304000306C421C3264B6F84600411EA6F84610A9
:103050005FF0010503F0A0FDA0EB0A00A04205D23D
:10306000002CA6D14FF0030810E000BF14F1010FAF
:103070009FD04FF0030809E052462146304600F049
:103080000EF818B120204FF001083066012186F8B3
:103090005D10002086F85C004046BDE8F08770B502
:1030A00005460C4616462868816811F4C05F30D08A
:1030B00014F1010FF7D003F06FFD801BA04201D285
:1030C000002CF0D12868416821F0E0014160686877
:1030D000B0F5827F0BD1A868B0F5004F18BFB0F5EE
:1030E000806F04D12868016821F040010160A86A5E
:1030F000B0F5005F09D12868026822F4005202602E
:103100002868016841F400510160012285F85D20C2
:1031100072E028688168080638D514F1010FF8D0EC
:1031200003F03AFD801BA04201D2002CF1D12868A7
:10313000416821F0E00141606868B0F5827F0BD101
:10314000A868B0F5004F18BFB0F5806F04D12868AB
:10315000016821F040010160A86AB0F5005F09D163
:103160002868016821F4005101602968086840F46A
:1031700000500860012185F85D10002285F85C2070
:10318000286E40F020002866032070BD29688868FA
:1031900010F4C06F39D0087B14F1010FF6D003F0A2
:1031A000FBFC801BA04201D2002CEFD129684868AB
:1031B00020F0E00048606868B0F5827F0BD1A86815
:1031C000B0F5004F18BFB0F5806F04D129680868CA
:1031D00020F040000860A86AB0F5005F09D12868B7
:1031E000016821F4005101602968086840F400502A
:1031F0000860012185F85D10002085F85C0003203F
:10320000296E41F02001296670BD002070BD0000CC
:103210000100020010B5040001D1012010BD94F896
:103220003D0028B9002184F83C10204600F0F3FE50
:10323000022084F83D00211D206800F03CFA0120A6
:1032400084F83D00002010BD0068DFF85820C168F8
:1032500041F00101C16081680A40062A18BFB2F539
:10326000803F03D0016841F00101016000207047F8
:1032700010B5040001D1012010BD94F83D0028B91B
:10328000002184F83C10204603F096FC022084F8CC
:103290003D00211D206800F00EFA012084F83D0059
:1032A000002010BD07000100F0B581B004000D46FC
:1032B00008BF012041D094F83D0028B9002184F8CE
:1032C0003C10204600F010FF022084F83D002268E8
:1032D000DFF88003916801409160211D206800F0B3
:1032E000EAF92268DFF8701393689669176AA8688C
:1032F0000E400643A869DFF8641346EA0026E86832
:103300000E400643E869296946EA0026286A46EA2B
:10331000011646EA00366868696927F0AA0707437C
:103320002868034347EA0117936021688E610121F1
:103330002068076284F83D10002001B0F0BD10B590
:10334000044620680269910716D5C268910713D513
:103350006FF00202026101212177806910F0030FF2
:10336000204602D003F029FC04E003F027FC2046AD
:1033700003F025FC0020207720680269510716D54C
:10338000C268510713D56FF0040202610221217750
:10339000806910F4407F204602D003F00EFC04E068
:1033A00003F00CFC204603F00AFC00202077206884
:1033B0000269110716D5C268110713D56FF008020C
:1033C000026104212177C06910F0030F204602D06A
:1033D00003F0F3FB04E003F0F1FB204603F0EFFB06
:1033E0000020207720680169CA0616D5C168CA0680
:1033F00013D56FF01001016108222277C06910F423
:10340000407F204602D003F0D8FB04E003F0D6FB57
:10341000204603F0D4FB0020207720680169CA070A
:1034200008D5C168CA0705D56FF0010101612046C2
:10343000FDF70AFF206801690A0608D5C1680A0677
:1034400005D56FF080010161204603F0B9FB2068CB
:103450000169CA0508D5C1680A0605D56FF48071EF
:103460000161204603F0ADFB206801694A0608D5DA
:10347000C1684A0605D56FF040010161204603F09E
:10348000A1FB206801698A0608D5C1688A0605D5AE
:103490006FF020010161204603F095FB206802696E
:1034A000D10208D5C268D10205D56FF4801202613D
:1034B000204603F089FB20680269910208D5C268A2
:1034C000910205D56FF400120261204603F07DFBE6
:1034D000206801694A0208D5C1684A0205D56FF41F
:1034E00080010161204603F071FB206801690A0236
:1034F0000AD5C1680A0207D56FF4000101612046B0
:10350000BDE8104003F063BB10BD000030B50446B9
:1035100081B094F83C000D46012808BF022000F05D
:103520009780012184F83C100220142A84F83D0081
:1035300000F28780DFE802F00B8585851F85858591
:1035400034858585488585855D85858571002068FC
:10355000294600F01EF92168886940F0080088615A
:103560002168886920F004008861226891692869CF
:103570000143916165E02068294600F05BF921680C
:10358000886940F4006088612168886920F480605F
:103590008861206881692A6941EA0221816150E0DD
:1035A0002068294600F08DF92068C16941F00801C2
:1035B000C1612068C16921F00401C1612268D1693B
:1035C00028690143D1613CE02068294600F0B9F93F
:1035D0002068C16941F40061C1612168C86920F4B3
:1035E0008060C8612068C1692A6941EA0221C1611D
:1035F00027E02068294600F0E4F92168086D40F0D2
:10360000080008652168086D20F00400086522683C
:10361000116D28690143116513E02068294600F007
:1036200000FA2168086D40F4006008652168086DA3
:1036300020F4806008652068016D2A6941EA022152
:103640000165012084F83D00002184F83C10002031
:1036500001B030BDF8BFFEFFFCFCFFFF0303FFFF1E
:1036600010B5044694F83C00012801D1022010BD99
:10367000012284F83C20022084F83D00204600F01E
:1036800000FA38B1012184F83D10002084F83C0094
:10369000012010BD2168C86820F04000C860216882
:1036A000C86820F48040C860012184F83D100020E3
:1036B00084F83C0010BD30B40468DFF880349842D0
:1036C00018BFB0F1804F12D0DFF87454A8421CBF6D
:1036D000DFF8882490420AD0DFF88454A8421FBF44
:1036E000DFF860249042DFF86C54A84218D124F02F
:1036F00070024C681443984218BFB0F1804F1FD03D
:10370000DFF83C2490421CBFDFF85054A84217D089
:10371000DFF84C2490421CBFDFF82854A8420FD099
:10372000DFF8242490421CBFDFF82054A84207D0C1
:10373000DFF81C2490421CBFDFF81854A84203D1C4
:1037400024F44072CC6814434A6924F08004144382
:10375000046098428C68C4620A6882621CBFDFF809
:10376000E443A0420FD0DFF8E03398421CBFDFF8FB
:10377000DC23904207D0DFF8D83398421CBFDFF833
:10378000D423904201D10B6903630121416130BC14
:103790007047F0B4026A520852000262066A436837
:1037A0008569DFF8C0230C6815402C438D6826F02E
:1037B00002063543DFF88463B0421CBFDFF8842380
:1037C00090420FD0DFF88073B8421CBFDFF87C2333
:1037D000904207D0DFF87873B8421CBFDFF874233B
:1037E000904216D1CA6825F00805154325F0040556
:1037F000B0421CBFDFF84C73B8420ED0DFF848630C
:10380000B0421FBFDFF844239042DFF84463B04268
:1038100003D0DFF84023904205D14A6923F4407376
:103820001A438B69134343608461496841630562AD
:10383000F0BC7047F0B4026ADFF82C3322F01002BB
:103840000262046A456886690A68334043EA0223D3
:103850008A6824F0200444EA0214DFF8E02290424F
:103860001FBFDFF8E072B842DFF8E862B0420CD167
:10387000CE6824F0800444EA061424F04004904208
:103880001CBFDFF8C02290420DD0DFF8BC62B0420E
:103890001CBFDFF8B822904205D0AD4EB0421CBF2D
:1038A000AC4A904206D14E698A6925F440651643B8
:1038B00045EA860545608361496881630462F0BC1E
:1038C0007047F0B4026A22F480720262046A4368AC
:1038D000C669A44A0D6824F4007416408A6844EA54
:1038E00002243543954A90421FBF964FB842994EE5
:1038F000B0420BD1CE6824F4006444EA062424F4D8
:10390000806490421CBF8F4A90420BD08E4EB042D2
:103910001CBF8E4A904205D08D4EB0421CBF8D4ACE
:10392000904206D14E698A6923F44053164343EA14
:1039300006134360C5614968C1630462F0BC704707
:103940000000F0B4026A884B22F480520262046ADA
:103950004568C6690A68334043EA02238A6824F44A
:10396000005444EA0234754A90421FBF754FB84272
:10397000784EB0420BD1CE6824F4004444EA0634B9
:1039800024F4804490421CBF6E4A90420BD06E4E8D
:10399000B0421CBF6D4A904205D06D4EB0421CBF74
:1039A0006C4A904206D14E698A6925F44045164317
:1039B00045EA86154560C361496801640462F0BC4C
:1039C000704770B4026A5D4E22F480320262046A6B
:1039D0004368056D654A15400A682A438D6824F4DA
:1039E000003444EA0544B0421CBF564DA8420BD0F7
:1039F000554EB0421CBF554DA84205D0544EB04262
:103A00001CBF544DA84204D14D6923F4803343EACE
:103A100005234360026549688164046270BC704795
:103A2000000070B4026A22F480120262036A4468E1
:103A3000066D4F4A0D68324042EA05228D683F4EBE
:103A400023F4001343EA0553B0421CBF3D4DA84286
:103A50000BD03D4EB0421CBF3C4DA84205D03C4E61
:103A6000B0421CBF3B4DA84204D14D6924F48024D0
:103A700044EA8524446002654968C164036270BCFD
:103A8000704730B404683448A5684A68394B05402B
:103A9000154308681D400543A5604A68402A11D0B7
:103AA000502A24D0602A34D0702A44D108698A6808
:103AB000CB68A16821F47F410B431A4342EA0022FC
:103AC000A26038E00868052814BFB0F1011F01208A
:103AD00032D0206A226A520852002262A269096921
:103AE00022F0F00242EA0112A261206223E008699A
:103AF0008968226A236A5B085B00236222F00A025B
:103B0000A36923F0F00343EA0013A3611143216288
:103B100011E008698968226A22F010022262A36912
:103B2000226A23F4704343EA003322F0A002A36127
:103B300042EA01122262002030BC7047002C014092
:103B400000040040003401400040014000440140B6
:103B500000480140005001408FFFCFFF00080040A7
:103B6000000C00408CFFFEFFFF8CFFFE8FFFFEFF6E
:103B7000FF8FFFFEF8FFFEFF70B490F83C20012A93
:103B800008BF022029D0012380F83C30022280F8AF
:103B90003D200468DFF8EC316668A5689C421FBFD1
:103BA000DFF8E4219442DFF8E4319C4203D126F4AB
:103BB00070024E6816430A4B8A6809681E4025F059
:103BC00080050E431543666001230268956080F806
:103BD0003D30002180F83C10002070BC7047000090
:103BE0008FFFFFFD70B490F83C20012A08BF02202F
:103BF00052D0012280F83C20CC688A684B68614D25
:103C000024F44074144324F480641C430A680B6950
:103C100024F40064144324F480541C434A690B6B5D
:103C200024F40054144324F4804423438A69046830
:103C300023F4702343EA0243AC421FBF524A94422A
:103C4000524EB44208D123F08052CB691343AC42A8
:103C50001CBF4D4EB44202D04C4A944217D18A6ADE
:103C600023F4700343EA02530A6A23F08073134378
:103C700023F000764B6A3343AC421FBF424A944262
:103C8000424DAC4203D123F00052CB6A134363642C
:103C9000002180F83C10002070BC7047F0B490F810
:103CA0003C30012B08BF02206AD0012480F83C4040
:103CB0001368012B0ED0022B11D0042B13D0082B2C
:103CC00016D0102B19D0202B1CD0402B1ED0802BAF
:103CD00020D023E000244FF40075092622E04FF4A1
:103CE00080650A261EE002244FF400650B2619E0C9
:103CF00003244FF480550C2614E004244FF400559F
:103D00000D260FE00524002500260BE006240025E3
:103D1000002607E007240025002603E000230025F5
:103D200000240026012902D0022913D024E00168D2
:103D3000D1F860C057682CEA030C07FA04F423405A
:103D4000926843EA0C03AB4302FA06F635402B4374
:103D50000B6611E00168D1F864C057682CEA030CC7
:103D600007FA04F42340926843EA0C03AB4302FAD7
:103D700006F635402B434B66002180F83C100020AE
:103D8000F0BC7047002C014000340140005001405D
:103D900000B5DFF8840481B0816841F001018160E1
:103DA000816801F001010091009A016841F08051A1
:103DB0000160006800F08050009004200099FDF739
:103DC0007BFCDFF85814086820F48040086001B0DC
:103DD00000BD10B586B00446142100226846FDF7E8
:103DE0002BFB2168B1F1A04F37D1DFF83414DFF895
:103DF00034040A68521C012A08D1046844F40054AF
:103E00000460036803F400530593059B046844F0C1
:103E100004040460036803F004030593059B04682D
:103E200044F0010404600324006800F001000590E0
:103E30000220059B0090002302930A6001946946CA
:103E4000DFF8E403FDF73EFB072000900022019419
:103E5000029269464FF0904027E0DFF8D00381429C
:103E600025D1DFF8BC13DFF8BC030A68521C012A15
:103E700008D1046844F400540460036803F4005358
:103E80000593059B046844F004040460032400685F
:103E900000F0040005900420059B009000230A60B8
:103EA000019402936946DFF88003FDF70BFB06B02F
:103EB00010BD81B00168DFF8780381420AD1DFF8D4
:103EC0007403016841F008010160006800F0080017
:103ED0000090009801B0704710B586B004461421D8
:103EE000002201A8FDF7A8FA2368DFF84C138B42E3
:103EF0001ED1DFF83003026842F4803202600168AC
:103F000001F480310091009A016841F001010160E3
:103F10000322006800F00100009030200099019019
:103F200000210391029201A94FF09040FDF7CAFAD7
:103F300006B010BD10B586B004461421002201A8B9
:103F4000FDF77AFA2368DFF8F4128B4232D1DFF8FA
:103F5000D402C16841F00071C160C16801F0007114
:103F60000091009A016841F002010160022200689C
:103F700000F0020000904FF44050009901900021A1
:103F80000391049102920921059101A9DFF8B00281
:103F9000FDF798FA002200215620FDF797FB5620E6
:103FA000FDF7BDFB002200215720FDF78FFB5720B6
:103FB000FDF7B5FB06B010BD10B586B00446142160
:103FC000002201A8FDF738FA2368DFF878128B4247
:103FD0001FD19448416941F480514161416901F424
:103FE00080510091009A016841F040010160022275
:103FF000006800F0400000901C2000990190002112
:104000000391049102920521059101A98E48FDF7C3
:1040100059FA06B010BD10B586B00446142100222E
:1040200001A8FDF709FA20688849884222D17D4815
:10403000416941F400614161416901F4006100910D
:104040000099026842F0100202601222006800F03B
:10405000100000904FF480400099029201210391DA
:104060000190062100220591049201A97848FDF7EC
:1040700029FA2FE07749884210D16A49C86840F090
:104080002000C8600022C86800F0200000900021D5
:1040900000983720FDF71AFB372021E06E4988424F
:1040A0000BD16049486940F400304861486900F428
:1040B00000300090009806B010BD6849884211D1C8
:1040C0005849486940F480204861486900F48020DC
:1040D00000900098002200211A20FDF7F7FA1A201C
:1040E000FDF71DFB06B010BD10B586B004461421C7
:1040F000002201A8FDF7A0F92168B1F1804F1FD17E
:104100004848C16841F00101C160C16801F0010186
:104110000091009A016841F00801016002220068E4
:1041200000F00800009018200099019000210391F0
:10413000049102920221059101A94948FDF7C2F9B3
:1041400006B010BD10B586B00446142100226846A2
:10415000FDF772F923683D498B422DD13148026841
:1041600042F002020260016801F002010591059A25
:10417000016841F0010101600222006800F00100C5
:1041800005904FF40040059900900421049101929C
:104190000292039269462A48FDF794F9022101919F
:1041A000029103914FF4F8500621009004914FF0D2
:1041B00090406946FDF786F906B010BD10B586B08F
:1041C00004461421002201A8FDF736F92368254989
:1041D0008B421FD11348416941F4804141614169DB
:1041E00001F480410091009A016841F010010160E2
:1041F0000222006800F01000009003200099019056
:1042000000210391049102920721059101A9104810
:10421000FDF758F906B010BD581002400870004074
:10422000541400204C1002400008004800010050C7
:10423000000C024048100240000800500068004096
:10424000000400480030014000180048002C0140E4
:1042500000100048001400400044014000480140A4
:10426000000C00480038014010B5040015D0D4F807
:10427000800028B9002184F87C102046FFF79EFFBB
:104280002421C4F8801021680868400840000860B4
:10429000204600F01DF8012801D1012010BDA06AC0
:1042A00010B1204600F0B4FD2168486820F4904029
:1042B00048602168886820F02A00886021680868C2
:1042C00040F0010008602046BDE8104000F003BE49
:1042D000F0B5054681B02A68DFF8100B1368A968AD
:1042E000034028690B4369690343E8690B43696E1E
:1042F00003430B43136000265368E868DFF8F01AA5
:1043000023F44053034353600024AB698A421CBF2B
:10431000286A03439768DFF8DC0A07403B43936051
:10432000DFF8D47AD36A686A1B0940EA0313BA42F9
:10433000D36226D1DFF8C43A186800F003000328DE
:1043400033D8DFE800F0026D5B820127E869B0F541
:10435000004F40F0EB83082F00F2D983DFE817F01D
:104360000900D4021103D7035803D703D703D70397
:10437000950302F057FA0146686A002840F08C82E3
:10438000B7E2DFF87C7ABA4227D1DFF8703A1868D2
:1043900000F00C000C2808D8DFE800F06A070707D7
:1043A0004207070730070707570010278A42CDD179
:1043B000082F00F20E85DFE817F009000C059C00BD
:1043C0000C05D8000C050C050C050D0102F02AFAAD
:1043D0000146686A00284DD179E0DFF8287ABA42B0
:1043E0000ED1DFF8183A186810F0300040D01028CD
:1043F00016D0202802D0302827D0D6E70227D5E7CC
:10440000DFF8040A82420DD1DFF8F0793B6813F03F
:10441000C0032DD0402B03D0802BEFD0C02BEBE777
:104420000427C3E7DFF8E479BA4210D1DFF8CC39CA
:10443000186810F440701BD0B0F5807FF0D0B0F554
:10444000007FDBD0B0F5407FAFD10827AEE78A42CE
:10445000ABD1DFF8A839186810F4406008D0B0F587
:10446000806FDDD0B0F5006FC8D0B0F5406FC3E706
:1044700000279BE7012808BF022029D0022808BF97
:10448000042025D0032808BF062021D0042808BF17
:1044900008201DD0052808BF0A2019D0062808BF0B
:1044A0000C2015D0072808BF102011D0082808BFFD
:1044B00020200DD0092808BF402009D00A2808BFB5
:1044C000802005D00B2808BF4FF4807000D0012059
:1044D000B1FBF0F0002800F07D846A6802EB420333
:1044E0009842C0F076841103814280F0BA8000F0D7
:1044F00070BC686AB0B3012808BFDFF8940AECD03A
:10450000022808BFDFF88C0AE7D0032808BFDFF8CD
:10451000880AE2D0042808BFDFF8800ADDD0052829
:1045200008BFDFF87C0AD8D0062808BFDFF8740A75
:10453000D3D0072808BFDFF8700ACED0082808BFFC
:10454000DFF8680AC9D0092808BFDFF8640AC4D0B8
:104550000A2808BFDFF85C0ABFD00B2808BF4FF25B
:104560002440BAD0DFF8500AB7E702F029F9014633
:10457000686A68B3012808BF0220A9D0022808BFD2
:104580000420A5D0032808BF0620A1D0042808BF16
:1045900008209DD0052808BF0A2099D0062808BF0A
:1045A0000C2095D0072808BF102091D0082808BFFC
:1045B00020208DD0092808BF402089D00A2808BFB4
:1045C000802085D00B2808BF4FF480703FF480AF67
:1045D00001207DE7686A002840D0012808BF4FF419
:1045E00080403FF47AAF022808BF4FF400503FF4F8
:1045F00074AF032808BF41F255503FF46EAF042852
:1046000008BF4FF480503FF468AF052808BF40F65C
:10461000CC403FF462AF062808BF40F6AA203FF422
:104620005CAF072808BF4FF400603FF456AF08287E
:1046300008BF4FF480603FF450AF092808BF4FF423
:1046400000703FF44AAF0A2808BF4FF480703FF46F
:1046500044AF0B2808BF80203FF43FAF4FF4004029
:104660003BE7082F00F21181DFE817F009000F0186
:1046700047000F0189000F010F010F01C70002F071
:10468000D1F80146686A60B3012808BF022029D02A
:10469000022808BF042025D0032808BF062021D007
:1046A000042808BF08201DD0052808BF0A2019D0FB
:1046B000062808BF0C2015D0072808BF102011D0ED
:1046C000082808BF20200DD0092808BF402009D0A5
:1046D0000A2808BF802005D00B2808BF4FF480703F
:1046E00000D001206A68B1FBF0F65008002110EB01
:1046F000062051EB16610023BEE0686A002836D020
:10470000012808BFDFF8B46833D0022808BFDFF8FB
:10471000B0682ED0032808BFDFF8A86829D0042885
:1047200008BFDFF8A46824D0052808BFDFF89C681C
:104730001FD0062808BFDFF898681AD0072808BFDE
:10474000DFF8906815D0082808BFDFF88C6810D013
:10475000092808BFDFF884680BD00A2808BFDFF8F3
:10476000806806D00B2808BFDFF84C6801D0DFF85E
:104770007468002116EB5200614100237CE002F0D6
:104780001FF80146686A60B3012808BF022029D0DB
:10479000022808BF042025D0032808BF062021D006
:1047A000042808BF08201DD0052808BF0A2019D0FA
:1047B000062808BF0C2015D0072808BF102011D0EC
:1047C000082808BF20200DD0092808BF402009D0A4
:1047D0000A2808BF802005D00B2808BF4FF480703E
:1047E00000D001206A68B1FBF0F65008002110EB00
:1047F000062051EB166100233EE0686AB0B3012841
:1048000008BF4FF4800633D0022808BF4FF40016CB
:104810002ED0032808BFDFF8D06729D0042808BFAE
:104820004FF4801624D0052808BFDFF8C0671FD0DA
:10483000062808BFDFF8B8671AD0072808BF4FF46A
:10484000002615D0082808BF4FF4802610D009286C
:1048500008BF4FF400360BD00A2808BF4FF480364B
:1048600006D00B2808BF4FF4004601D04FF40006D5
:10487000002106EB5200002302F0AAF90646A6F535
:104880004071DFF8700781429FE20124A6F5407174
:10489000DFF86007814298E2012808BF022229D090
:1048A000022808BF042225D0032808BF062221D0F1
:1048B000042808BF08221DD0052808BF0A2219D0E5
:1048C000062808BF0C2215D0072808BF102211D0D7
:1048D000082808BF20220DD0092808BF402209D08F
:1048E0000A2808BF802205D00B2808BF4FF4807229
:1048F00000D001226868B1FBF2F1420802EB4102EC
:10490000B2FBF0F6B6B203E101F098FF0146686A27
:1049100060B3012808BF022229D0022808BF042260
:1049200025D0032808BF062221D0042808BF08226A
:104930001DD0052808BF0A2219D0062808BF0C225E
:1049400015D0072808BF102211D0082808BF202240
:104950000DD0092808BF402209D00A2808BF8022AC
:1049600005D00B2808BF4FF4807200D00122686880
:10497000B1FBF2F1420802EB4102B2FBF0F6B6B233
:10498000C6E0686A002840D0012808BFDFF8281672
:1049900000F0B680022808BFDFF8F41500F0B08000
:1049A000032808BFDFF8501600F0AA80042808BFCB
:1049B000DFF8E01500F0A480052808BFDFF83C16FA
:1049C00000F09E80062808BFDFF8CC1500F0988024
:1049D000072808BFDFF8C41500F09280082808BF38
:1049E000DFF8C41500F08C80092808BFDFF8BC157B
:1049F00000F086800A2808BFDFF8B41500F0808038
:104A00000B2808BFDFF8AC157AD0DFF8D41577E0B3
:104A100001F0D6FE0146686A60B3012808BF022291
:104A200029D0022808BF042225D0032808BF062267
:104A300021D0042808BF08221DD0052808BF0A225B
:104A400019D0062808BF0C2215D0072808BF10224D
:104A500011D0082808BF20220DD0092808BF402205
:104A600009D00A2808BF802205D00B2808BF4FF4C0
:104A7000807200D001226868B1FBF2F1420802EBBB
:104A80004102B2FBF0F6B6B242E0686AB0B3012868
:104A900008BF4FF4004133D0022808BF4FF48041D3
:104AA0002ED0032808BF42F6AA2129D0042808BF27
:104AB0004FF4005124D0052808BF41F698111FD0AB
:104AC000062808BF41F254511AD0072808BF4FF4F6
:104AD000805115D0082808BF4FF4006110D0092874
:104AE00008BF4FF480610BD00A2808BF4FF4007153
:104AF00006D00B2808BF4FF4807101D04FF48031ED
:104B0000686801EB5001B1FBF0F6B6B200E0012499
:104B10004FF6F071A6F11000884280F05A813140C2
:104B2000C6F3420001432868C16053E1082F00F238
:104B30004681DFE817F00900450081004401C70005
:104B4000440144014401030101F06CFE0146686A1E
:104B500060B3012808BF022229D0022808BF04221E
:104B600025D0032808BF062221D0042808BF082228
:104B70001DD0052808BF0A2219D0062808BF0C221C
:104B800015D0072808BF102211D0082808BF2022FE
:104B90000DD0092808BF402209D00A2808BF80226A
:104BA00005D00B2808BF4FF4807200D0012268683E
:104BB000B1FBF2F101EB5001B1FBF0F6B6B2FFE050
:104BC00001F03CFE0146686A60B3012808BF02227A
:104BD00029D0022808BF042225D0032808BF0622B6
:104BE00021D0042808BF08221DD0052808BF0A22AA
:104BF00019D0062808BF0C2215D0072808BF10229C
:104C000011D0082808BF20220DD0092808BF402253
:104C100009D00A2808BF802205D00B2808BF4FF40E
:104C2000807200D001226868B1FBF2F101EB500103
:104C3000B1FBF0F6B6B2C3E0686A00283FD00128A5
:104C400008BFDFF84C0300F0B380022808BFDFF88C
:104C5000440300F0AD80032808BFDFF83C0300F0F8
:104C6000A780042808BFDFF8340300F0A1800528DE
:104C700008BFDFF82C0300F09B80062808BFDFF890
:104C8000240300F09580072808BFDFF81C0300F01C
:104C90008F80082808BFDFF8140300F089800928F6
:104CA00008BFDFF80C0300F083800A2808BFDFF894
:104CB00004037DD00B2808BF4FF2244078D0DFF8E2
:104CC000F80275E001F07CFD0146686A60B30128D6
:104CD00008BF022229D0022808BF042225D00328B9
:104CE00008BF062221D0042808BF08221DD00528AD
:104CF00008BF0A2219D0062808BF0C2215D00728A1
:104D000008BF102211D0082808BF20220DD0092882
:104D100008BF402209D00A2808BF802205D00B28EE
:104D200008BF4FF4807200D001226868B1FBF2F135
:104D300001EB5001B1FBF0F6B6B241E0686AA8B3EE
:104D4000012808BF4FF4804032D0022808BF4FF43A
:104D500000502DD0032808BF41F2555028D0042818
:104D600008BF4FF4805023D0052808BF40F6CC4040
:104D70001ED0062808BF40F6AA2019D0072808BF71
:104D80004FF4006014D0082808BF4FF480600FD0A3
:104D9000092808BF4FF400700AD00A2808BF4FF452
:104DA000807005D00B2808BF802001D04FF4004050
:104DB000696800EB5100B0FBF1F6B6B200E00124E7
:104DC000A6F110004FF6F071884202D22A68D66030
:104DD00000E001240120A5F86A00A5F86800002081
:104DE000E866286701B02046F0BD0000F369FFCFF8
:104DF00000800040FFF4FF1100380140881002409D
:104E00000044004000480040004C0040005000407A
:104E100090F82820D10706D502685368C16A23F4A8
:104E200000330B43536090F82820910706D50268A1
:104E30005368016B23F480330B43536090F82820B0
:104E4000510706D502685368416B23F480230B4356
:104E5000536090F828100A0706D502685368816BE2
:104E600023F400430B43536090F82820D10606D565
:104E700002689368C16B23F480530B43936090F8EE
:104E800028108A0606D503689A68016C22F400523D
:104E90000A439A6090F82820510610D5026853689A
:104EA000416C23F480130B435360436CB3F5801FB4
:104EB00005D15368816C23F4C0030B43536090F811
:104EC0002820110606D502685168C06C21F4002123
:104ED00001435160704730B5044681B00020C4F8EA
:104EE000880001F059FE22680546106801071FD5A9
:104EF0002068C16988021BD401F04EFE401BB0F14E
:104F0000007FF5D32068016821F4D0710160216829
:104F100088684008400088602021C4F88010202064
:104F2000C4F88400002184F87C10032001B030BD57
:104F30002268106841071FD52068C16948021BD448
:104F400001F02AFE401BB0F1007FF5D32068016814
:104F500021F4D071016020688168490849008160AE
:104F60002020C4F880002021C4F88410002084F898
:104F70007C0001B0032030BD2021C4F88010202027
:104F8000C4F88400002184F87C10002001B030BDFA
:104F900000127A0000093D00AAB0280080841E009B
:104FA000006A18005558140040420F0020A1070065
:104FB00090D0030048E801000024F4000000127AB9
:104FC0000000093D00AAB0280080841E00006A1875
:104FD000005558140040420F0020A1070090D00354
:104FE0000048E801000024F40055150000CC0C0036
:104FF00000AA0A0000FD0F005461510000D43000E7
:1050000090F87C10012901D102207047012280F81C
:105010007C202421C0F88010036819681A6852089F
:1050200052001A600023436621F0005102681160AB
:105030002023C0F88030002180F87C1000207047C9
:1050400000000000F0B584B090F87C20012A08BF71
:10505000022047D0012380F87C302422C0F8802031
:105060000468226823685B085B0023600468A36807
:1050700023F060431943A1600DF1080343A1D1E976
:1050800000E7C3E900E700BF42A3D3E90054CDE93C
:105090000054416E29B90123A0F86A30A0F86830A5
:1050A00017E0036899689E68760F02AC490EA55D0B
:1050B0001DF80660ED0001F0070195FBF6F6A0F87B
:1050C0006A60645C1DF80110E40094FBF1F1A0F843
:1050D0006810202103681A60C0F88010002280F850
:1050E0007C20002004B0F0BDF0B584B090F87C20A6
:1050F000012A08BF022047D0012380F87C302422F7
:10510000C0F880200468226823685B085B00236085
:105110000468A36823F060631943A1600DF10803DC
:105120001AA1D1E900E7C3E900E700BF19A3D3E959
:105130000054CDE90054416E29B90123A0F86A302A
:10514000A0F8683017E0036899689E68760F02AC93
:10515000490EA55D1DF80660ED0001F0070195FB05
:10516000F6F6A0F86A60645C1DF80110E40094FB98
:10517000F1F1A0F86810202103681A60C0F88010CF
:10518000002280F87C20002004B0F0BD0101010362
:1051900007010000080402040801010110B582B0F3
:1051A00001F03DFB0B490C4CA0FB0112900AFCF7EF
:1051B000CEFA211D204601F023FE01F001FF074831
:1051C0000090231D2246012104F1080001F08EFF0A
:1051D00002B010BD986E1283D005002098B500086B
:1051E00010B5DFF8E8442046FDF771FB00220121ED
:1051F0002046FDF78AFC4FF080420021DFF8D00402
:10520000DFF8D034426081604FF40022C260016157
:105210004FF4801242614FF400110022036081615B
:10522000C261026210BD0022022010B5DFF8A8148E
:10523000DFF898444A6088600122CA6000204FF07D
:10524000804308616FF000420B604A6182B02046E3
:10525000FDF7F2FA012200920123022202212046E8
:10526000FDF717FBDFF8740400210171C170817034
:105270004170017002B010BD4FF40020DFF85014EF
:10528000DFF86424C8600A60DFF85404C38881F83A
:1052900025301A0A81F82420B0F9023081F827302D
:1052A0001A1281F82620B0F90A2081F8292010125C
:1052B000DFF8302481F82800B2F9102081F82B2083
:1052C000101281F82A0001F12402DFF80004FDF732
:1052D00015BB4FF40022DFF8F813DFF81004CA60A2
:1052E0000860DFF80C24107881F82400927881F8A7
:1052F0002520DFF8EC23B2F91C0000EBD070401041
:1053000081F8260092F8210000B9D07FDFF8D4336D
:1053100081F82700B3F90C3081F82930181281F890
:105320002800B2F9182081F82B20101281F82A00E9
:1053300001F12402DFF89403FDF7E0BA4FF44030A6
:105340000022DFF88C13C8608A8481F8262001F1DE
:105350002402DFF8A033DFF874030B60FDF7CEBA48
:105360000000DFF86C13DFF88C330B604FF4403033
:105370000022C8608A84012381F8263001F12402CA
:10538000DFF84803FDF7BABADFF84413DFF86833F3
:105390000B604FF40022CA6081F82400002381F8DA
:1053A0002530CB848B6201F12402C848FDF7A6BAF0
:1053B000C749DFF848330B604FF40022CA6081F818
:1053C0002400002381F82530CB848B6201F1240274
:1053D000BE48FDF793BA70B5C948BD4C0068C0F32C
:1053E000074100F0FF0032292163606307D0C0F05D
:1053F0006A81342900F0D480C0F09C8070BDB74928
:10540000C0480A7802704B788371CA788B7843EA77
:10541000022343804A790B7943EA02238380CA79C5
:10542000897941EA022101810078012800F0488150
:10543000022800F0488103281BD1A94D95F90100ED
:1054400000F002FCB048AC4B022101700022AF48D2
:105450004271027304206A7228704FF40021012007
:105460002360E16084F8240084F82520E284A262AD
:105470008EE004280ED19A48027C0421521C01704F
:105480000274FFF76EFF9C4A22604FF40020E06038
:10549000012108E1052808D1FFF750FF9048964BFD
:1054A000027C511E0174236067E006280ED18C4DEA
:1054B00004202870FFF755FF287C8F4A401C287471
:1054C00022604FF40020E0600121ECE0072814D1B5
:1054D000834D95F9010000F0B7FB8B49022008705D
:1054E00000228A484271027304206A722870FFF712
:1054F00038FF287C401C28743DE0082840F0E380F9
:105500004FF40021E16001207B4A2260002184F8F1
:10551000240084F82510E184A16204F124022146CC
:105520006A48FDF7EBF90A2000F008F9BDE8704081
:10553000FCF700B97649694A764D012048717649F1
:105540001078087000226648428042604261027210
:1055500080F8212071488271284600F077FA2846A9
:1055600000F079FA6E4801F029FE6E4801F026FE3F
:105570006D4801F023FE604A22604FF40020E06095
:105580000121002084F8241084F82500E084A06222
:1055900004F124022146BDE870404C48FDF7AEB945
:1055A0004E48624D01782970022942786A70C378AA
:1055B000827842EA03226A804379007940EA032034
:1055C000A88069D1464E304600F0C0FA84F82D001C
:1055D00000206978FF2914BFAA29012096F901202B
:1055E00084F82C0094F82D0000281CBF94F82C009F
:1055F00000284AD00023FF29F380738007D14C484C
:10560000007901280DD002280DD101220BE0AA2932
:1056100009D147480079012801D1012203E002287D
:1056200001D14FF0FF32B5F9020070800123A98843
:10563000404DB18084F82E30002086F821000021F2
:1056400033727372317071617270284600F0D1F953
:10565000284600F0D5F9284600F0CBF94FF4002099
:10566000E0600121244A2260002084F8241084F89C
:105670002500E084A06204F1240221461348FDF7CE
:105680003DF924490120087170BD1B4A22604FF486
:105690000020E060022106E0012914D1164A2260B0
:1056A0004FF40020E060002084F8241084F82500E6
:1056B000E084A06204F1240221460448FDF71EF9AB
:1056C0001D480121017070BD00000000D40D0020B4
:1056D0007C1300200201090EE4130020DC130020DB
:1056E000280F00206C110020201080072010810757
:1056F0008C100020203034182010790720108207E9
:10570000B4130020201400200C140020FC130020EF
:10571000CC100020D41000200D140020C410002054
:1057200014010020400100206C01002040140020E2
:10573000BC100020B0100020E010002030B581B077
:10574000054601F029FA15F1010F044602D005497A
:105750008868451901F020FA001BA842FAD301B06D
:1057600030BD00BFDC05002001600271836001F0E4
:105770002FBD000030B581B004462DED028B207A9C
:10578000012823D1A088344A002113461D68854290
:10579000A2BF491C5D688542A2BF491C9D68854225
:1057A00040DB491C0C339629F0DB9FED2C8B607895
:1057B00001F0D8FE2B4A2C4B01F0E2FE53EC182BE3
:1057C00001F0B4FF02F0DAF820706070607A01280E
:1057D00024D1E088204A002102F516731D68854215
:1057E000A2BF491C5D688542A2BF491C9D688542D5
:1057F00025DB491C0C339629F0DB9FED188BE078F4
:1058000001F0B0FE174A184B01F0BAFE53EC182B0A
:1058100001F08CFF02F0B2F8A070E070BDEC028BDA
:1058200001B030BD02F5966030F8210001F09AFE1B
:105830000E4A0F4B01F0A4FE41EC180BB7E702F53E
:10584000966030F8210001F08DFE084A084B01F007
:1058500097FE41EC180BD2E7EC0500200000000099
:10586000B0CCEC40989999999999B93FCDCCCCCCD2
:10587000CCCCEC3F70B5002600240025012905D1D1
:1058800000F10A06051D00F1080406E0022904D112
:1058900000F10B06851D00F1090401F000FE70B94E
:1058A000307801F0C0FD0120FFF748FF01F0C7FD8F
:1058B0004FF6FF71884202D028800120207070BD11
:1058C000401E092823D8DFE800F005080B0E11144C
:1058D000171A1D2040F61A20704740F6896070475D
:1058E00042F65760704741F26C40704742F24720E1
:1058F000704743F23810704741F2E410704742F6A7
:105900003970704741F274507047002070474FF073
:10591000FF30704700B581B021208DF800001820BD
:10592000BDF8001002F01FF901B05DF804EB04218E
:10593000192002F018B930B581B0FFF7EBFF002154
:105940004CF21800194D1A4C02F0B9F828800021C9
:1059500044F2190002F0B3F8207029882078ADF8DD
:1059600000109DF8002002F0AC02202A03BF00F0D6
:10597000E700042801200020607001B030BD30B580
:1059800081B005460B4C02F005F9208001462846FF
:10599000814208D002F00DF902F0FCF82080A84204
:1059A00018BF002000D1012001B030BD1E1400201E
:1059B000581400205A14002000B581B0002147F689
:1059C000FE7002F07CF8C0F38031002914BF4FF064
:1059D000FF30C0F30D0001B000BD8004001470471B
:1059E00005221E21427081710A220021C2710172BA
:1059F0007047002303708370C37003714371704755
:105A000000220121027241727047427A62B1027A29
:105A100052B982798A4207D20121017200230370B0
:105A20008370C370037143717047027A012A05D1F4
:105A3000C279914202D20023037243727047F7FF8A
:105A40000023037043704380037170470023037089
:105A500043800371704700214170704770B5044660
:105A60000D46217819B1012918D0607870BD2079D0
:105A7000012851D1002000F02FFB95F901204FF4AF
:105A80002F7012FB00F04FF4FA7100B200F024FB0B
:105A900000F056F80021618001203CE0A989012036
:105AA00032292ADB1D4E42F2EA21304602F0B0F8DC
:105AB0001B49304602F0AEF8304602F0ADF895F9D9
:105AC000011048434FF42F7202FB00F1304602F000
:105AD000A5F8B5F9022095F9013042F6AB2012FB8A
:105AE00000F0001400EBD07010FB03F040F24C41CA
:105AF00000B200F01DF802200DE06288B2F5487F88
:105B000001DB042903DDB2F57A7F04DB022060703B
:105B100002F086F800202070607870BD140100202B
:105B200016DDFFFF0149086802F080B8D0050020AB
:105B30000A46024B0146186802F07BB8D0050020E7
:105B40000149086802F07CB8D005002070B4B0F9B3
:105B50000A6000220123012400253100B1B244BFB4
:105B600076423146867F042E14BF052E002389B26B
:105B70000529B8BF012290F8211001B10024007C52
:105B800000B901251A4022402A40501E70BC8041B5
:105B9000C043C00F7047000010B50446284802F00B
:105BA00059F8A08302F05CF800EB40014A0011B202
:105BB00090B2002944BF084640426281A08102F0B1
:105BC00055F8E07702F058F884F82000FFF7AAFFB4
:105BD000A07702F057F800EE100AF8EEC00A9FED29
:105BE000170A80EE800ABDEEC00A10EE100A20836C
:105BF00002F04EF800EE100AF8EEC00A9FED0F0A10
:105C000080EE800ABDEEC00A10EE100A608310BD5F
:105C100000B581B002F004F800210020FFF788FFF2
:105C200002F03CF807480068416800224A80416859
:105C30004A6040688260002001B000BDF4FDB43FBE
:105C400034030020D005002001284FF47A710CBFE6
:105C500068484FF4FA7000F03FBA0000F0B504460F
:105C600081B0B4F900600D46300048BF7642B6B24C
:105C70000023002000220021A6F1650C40F26B7782
:105C8000BC4538BF012300EE106A668800EE906ABA
:105C9000B8EE400AF8EE600A80EE200A9FED531A33
:105CA000B4EE410AF1EE10FA07D5DFED511AB4EE69
:105CB000610AF1EE10FAA8BF0120AE89042ED8BF08
:105CC000012295F82160602E14BF5F2E0121034050
:105CD000134081F001010B422DD04749474B484802
:105CE0000B6000220270A05E0100CCBF01214FF0CA
:105CF000FF3168806970A088424E01F033FC424A4F
:105D0000424B01F03DFC01F0CFFFB06042F6AB2208
:105D100060887080B5F90200618810FB02F21014EF
:105D200000EBD070FFF704FFFFF70AFF01B0BDE8FA
:105D3000F04000F075B801B0F0BD10B50C46002081
:105D40006080FFF765FF617C40186074BDE810401B
:105D500000F0BAB8C188B0F9002042F6AB2012FBBF
:105D600000F0001400EBD070FFF7E2BE10B504465F
:105D700000212180B4F9040008B90121A1804FF469
:105D80002F72E2800A210020FFF7D2FEFFF7D8FE33
:105D90000120E07210BD30B5044681B02088401C5F
:105DA00020800D46E28881B28A4208D2FFF730FF98
:105DB000697C401868740020E07201B030BD14495D
:105DC000A38880B231F910006080024642F6AB2011
:105DD00012FB00F001B00014BDE8304000EBD070C1
:105DE00010FB03F00A2100B2FFF7A2BE9B99193EF7
:105DF00090C2753C0CFEFFFF3814002000002041CB
:105E0000E3100020FC130020FCA9F1D24D62503FAA
:105E1000909400080023C372038043807047000001
:105E20003748002202730021012241710170427043
:105E30000174704730B5324D0446287C81B080B97A
:105E40003049086801F064FF012809D1A289B4F93A
:105E500002108A4204DB012300222B742A736B7127
:105E60002871287C012815D1287B95ED020A00EEC7
:105E7000900AF8EE600AF4EE400AF1EE10FA21DB27
:105E800094F90100FFF7E0FE0220002128746971F7
:105E9000297301E0022815D11A48006801F038FF83
:105EA000012868730ED1A18965290BDA0020608072
:105EB000FFF7AEFE617C4018607400F005F81248F0
:105EC0000021018001B030BD0D4803220021027481
:105ED000018001734171704710B50446084801788C
:105EE00078290BDB00206080FFF792FE617C401870
:105EF0006074FFF7E9FF04480021018010BD000035
:105F0000FC130020D005002050140020C0F3C7511E
:105F100081B1FF2906D0C110400721F0E04101F115
:105F20006051704741020CBF40F4E0016FF0004146
:105F30000020704700F0004100020AD0B0FA80FC57
:105F400000FA0CF001F16051A1EB0C5101EBD021F2
:105F50004005704741EA030C50EA4C0C52EA0C0C25
:105F60004FF4001C09D307D01CEB410F9CBF1CEB66
:105F7000430F994208BF904270471CEB410FFBD87A
:105F80008B4208BF824270474D4830B502784D4C75
:105F9000012A81B003D1002101700120607194F9C0
:105FA00005102278481C092800F28580DFE800F0FF
:105FB000502F051A233443507B4B012262704FF45B
:105FC00000614148FBF750FB2071002210213F483F
:105FD000FBF751FB002002210022608022706171DA
:105FE00001B030BD6088022828DD03210022227024
:105FF000617101B030BD00206070354801F02AFEAB
:10600000B0F5A07FA8BF042118DA4FF0FF310022BD
:106010002270617101B030BD00224FF480512A48D6
:10602000FBF729FBC820FFF789FB0521002222701E
:10603000617101B030BD01F07BFE072100222270AA
:10604000617101B030BD00212270617101B030BDBD
:106050000120207001224FF480511B481D4DFBF799
:106060000AFB4FF49670FFF769FB012210211748D5
:10607000FBF701FB4FF49670FFF760FB0122102144
:106080002846FBF7F8FA4FF49670FFF757FB00220B
:1060900010212846FBF7EFFA227894F905102270B8
:1060A000617101B030BD012210210848FBF7E3FA0D
:1060B00094F9051001222270617101B030BD000019
:1060C0000D140020CC100020000C004800140048E3
:1060D00034030020000800480A46024B01461868B5
:1060E00001F02CBED005002030B4DFF8BC1030BB6E
:1060F000086800F4C060B0F5806FD1F8800020F42B
:106100008070C1F880004BD10868DFF8A050DFF83C
:10611000A040012262F34A20086032202A684243EC
:10612000A2FB0443D80C401C00E0401E4B695A05FA
:1061300001D50028F9D14869410529D430E0B0F5EE
:10614000007F28D1086800F4C060B0F5806FD1F8F6
:10615000800040F48070C1F8800021D10868DFF829
:106160004C50DFF84C30012262F34A2008603220A4
:106170002A684243A2FB0334E00C401C00E0401EAE
:106180004B695A0501D50028F9D14869410507D561
:1061900030BC032070470A68022060F34A220A607C
:1061A000002030BC7047000000700040E80500206F
:1061B00006BD37862DE9F041040082B000F016825A
:1061C0002178DFF89066C8071AD5B168F06801F049
:1061D0000C010C290BD100F00300032809D06068E2
:1061E000B0F5803F30D1306840F480303DE0082980
:1061F000F5D13068810303D56068002800F0F6818E
:10620000217888076AD5B168F06801F00C010C2983
:106210004CD100F0030002284AD0E068002800F0CA
:106220008280316841F48071316000F0B5FC054630
:10623000316848056FD400F0AFFC401B0328F7D34A
:10624000032002B0BDE8F081B0F5A02F316806D17F
:1062500041F480213160306840F4803005E021F461
:1062600080313160306820F480203060606870B127
:1062700000F092FC054631688803C1D400F08CFC24
:10628000401B6528F7D3032002B0BDE8F08100F081
:1062900083FC054631688803B2D500F07DFC401BC5
:1062A0006528F7D3032002B0BDE8F0810429B4D1FA
:1062B0003068410503D5E068002800F097817168D7
:1062C000206921F0FE4141EA00617160DFF890151C
:1062D000086800F03BFC002840F088812078010726
:1062E00049D560690028D6F894002FD040F001000D
:1062F000C6F8940000F050FC4FEA0005D6F8941060
:10630000880738D400F048FC401B0328F6D303204C
:1063100002B0BDE8F0817168206921F0FE4141EAD8
:1063200000617160DAE7306820F48070306000F05E
:1063300033FC054631684805D0D500F02DFC401BE4
:106340000328F7D3032002B0BDE8F08140084000E5
:10635000C6F8940000F020FC4FEA0005D6F894102F
:10636000880708D500F018FC401B0328F6D303204B
:1063700002B0BDE8F0812178480772D5B16D0025E3
:10638000C80009D4B16D41F08051B1650125B06DEF
:1063900000F0805000900098DFF8C8743968C80594
:1063A00013D4396841F48071396000F0F5FB804600
:1063B0003968C80509D400F0EFFBA0EB08000328FA
:1063C000F6D3032002B0BDE8F081A068012804D113
:1063D000D6F8900040F0010014E00528D6F89000AF
:1063E00008D140F00400C6F89000D6F8900040F0C4
:1063F000010007E040084000C6F89000D6F8900081
:1064000020F00400C6F8900041F28937A06888B1F6
:1064100000F0C2FB4FEA0008D6F8900081071BD4B9
:1064200000F0BAFBA0EB0800B842F5D3032002B09D
:10643000BDE8F08100F0B0FB4FEA0008D6F89010FC
:10644000880709D500F0A8FBA0EB0800B842F5D3F7
:10645000032002B0BDE8F0811DB1B06D20F0805086
:10646000B065207881062CD5A0690028D6F8980060
:1064700013D040F00100C6F8980000F08DFB0546EF
:10648000D6F8981088071CD400F086FB401B032820
:10649000F6D3032002B0BDE8F08140084000C6F802
:1064A000980000F079FB0546D6F89810880708D5C3
:1064B00000F072FB401B0328F6D3032002B0BDE8B6
:1064C000F081E069002800F09580B16801F00C01CE
:1064D0000C295ED00228306820F08070306040D1F6
:1064E00000F05AFB05463168880108D500F054FBDE
:1064F000401B0328F7D3032002B0BDE8F081F26807
:10650000DFF86403216A0240606A0A43401E42EADF
:106510000012216BA06A490842EA0022606B491E02
:10652000400842EA4152401E42EA4062E06A42EAC2
:10653000C062F260316841F080713160F06840F013
:106540008070F06000F028FB04463068810151D46F
:1065500000F022FB001B0328F7D3032002B0BDE8A4
:10656000F081F168DFF8040389088900F160F168BF
:106570000140F16000F010FB04463068810139D51C
:1065800000F00AFB001B0328F7D3032002B0BDE88C
:10659000F08101282AD0F068216A00F003028A42C3
:1065A00001BF00F0F0021032616AB2EB011F1DD191
:1065B000A16A00F4FE42B2EB012F02BF00F0784264
:1065C000E16AB2EBC16F11D1216B00F4C00202F598
:1065D00000124908B2EB415F08D1616B00F0C06066
:1065E00000F100704908B0EB416F03D0012002B008
:1065F000BDE8F081002002B0BDE8F0812DE9F04750
:1066000004460027002C884677D0DFF864522868BB
:1066100000F00F00404509D22968090948EA011134
:106620002960286800F00F00404566D12068DFF837
:106630002462C10764D56168032930D132689101B1
:106640005BD5F168F268C2F30312521C01F003013A
:10665000032907BFDFF81C12B1FBF2F2DFF8FC31AF
:10666000B3FBF2F2F168C1F306215143F268C2F3C1
:106670004162521C5200B1FBF2F1DFF8FC21914261
:106680001DD3B16811F0F00F03D0810717D5A068B2
:10669000A8B9B068082161F30710B0600EE00229C4
:1066A00028D13068810328D500F08AF872498842E1
:1066B00005D3B168082060F30711B160802741F26B
:1066C0008939B1686068890840EA8101B16000F0E9
:1066D00063FA8246B168606801F00C01B1EB800F8B
:1066E0000ED000F059FAA0EB0A004845F2D303207F
:1066F000BDE8F08731684805D6D40120BDE8F087B1
:106700002068810714D5420703D5B06840F4E060E3
:10671000B0602078010704D5B068072161F30D202F
:10672000B060B168A06821F0F0010143B16005E0FC
:10673000802F03D1B06820F0F000B060286800F02E
:106740000F00804517D22968090948EA011129601C
:1067500041F2893700F020FA8146286800F00F00E6
:10676000404508D000F018FAA0EB0900B842F4D375
:106770000320BDE8F0872078420705D5B168E068BE
:1067800021F4E0610143B16021780A0706D5B068C1
:10679000216920F4605040EAC100B06000F010F8B8
:1067A000B2683649C2F303128B5C2B4903F01F0316
:1067B000D8400860BDE8F0472948006800F0C6B935
:1067C0002F48016801F00C01042901D123487047CA
:1067D000016801F00C01082901D1264870470168C1
:1067E00001F00C010C2918D142684168C1F3031172
:1067F000491C02F00302032A0CBF1E4A174AB2FBCF
:10680000F1F241684068C0F34160C1F30621401CC9
:1068100051434000B1FBF0F07047002070470E4834
:10682000006870470C48164B00681A681549C2F397
:106830000222895C01F01F01C84070470648104BD6
:1068400000681A680F49C2F3C222895C01F01F0177
:10685000C840704700100240E80500200024F40002
:10686000E0050020007000400C809F01FFFFEEFE5D
:106870000020024000127A0001B4C404CCB4000825
:106880000810024044B600082DE9F043074681B0E5
:106890003968DFF8B06208034FF000085ED5F16C8C
:1068A0000024C80009D4F16C41F08051F164012446
:1068B000F06C00F0805000900098DFF88C5228684F
:1068C00040F48070286000F067F981462868C105AF
:1068D00008D400F061F9A0EB09000328F6D34FF0CB
:1068E000030836E0D6F8840010F440701CBF396D00
:1068F000884211D0D6F88400D6F8841041F4803153
:10690000C6F8841020F44070D6F8841021F4803149
:10691000C6F88410C6F88400C00712D500F03CF910
:106920004FEA000941F28935D6F88400810708D47E
:1069300000F032F9A0EB0900A842F5D34FF00308AC
:1069400007E0D6F88410386D21F440710143C6F891
:1069500084101CB1F06C20F08050F0643878C207CD
:1069600005D5F16F7868890840EA8101F1673978C7
:10697000880705D5F16FB86821F00C010143F16774
:106980003978480705D5F16FF86821F030010143E7
:10699000F1673978080705D5F16F386921F0C00132
:1069A0000143F1673978C80605D5F16F786921F49C
:1069B00040710143F1673978880605D5F16FB869F0
:1069C00021F440610143F1673978480605D5F16F3C
:1069D000F86921F440510143F1673978080605D57B
:1069E000F16F386A21F440410143F1673968C80505
:1069F00005D5F16F786A21F440310143F1673968B8
:106A0000880307D5D6F89010B86A890840EA810152
:106A1000C6F890103968880505D5F16FF86A21F439
:106A200040210143F167396848050DD5F16F386B96
:106A300021F440110143F167396BB1F5801F03D197
:106A4000306840F480103060396808050DD5F16F6A
:106A5000786B21F440010143F167796BB1F5800F48
:106A600003D1306840F4801030603968C8040DD517
:106A7000F16FB86B21F040710143F167B96BB1F16F
:106A8000807F03D1326842F4801232603868820419
:106A90000DD5F16FF86B21F040610143F167F96B9F
:106AA000B1F1006F03D1306840F480103060396874
:106AB00048040DD5F16F386C21F040610143F16756
:106AC000396CB1F1006F03D1306840F48010306050
:106AD000396808040DD5F16F786C21F040510143FD
:106AE000F167796CB1F1805F03D1306840F4803098
:106AF00030603968C8030DD5F16FB86C21F04041A2
:106B00000143F167B96CB1F1804F03D1306840F4B3
:106B100080303060396848030FD5D6F89010F86C93
:106B200021F440110143C6F89010F96CB1F5001F33
:106B300003D1306840F480103060404601B0BDE8B9
:106B4000F08300000C1002400070004070B50F4E42
:106B50000446B0680025A8B14FF47A710C4AB1FB25
:106B6000F0F11068B0FBF1F0FAF7F1FD50B9102C1C
:106B700008D2002221464FF0FF30FAF7A7FD7460DB
:106B8000284670BD0125284670BD00BFDC050020E9
:106B9000E80500207047000001480068704700BF0A
:106BA000DC0500207047704770477047704770479A
:106BB000704770477047704770477047704770471D
:106BC000704770477047704770477047704770470D
:106BD000BBBBE1B1B2F5803F80F07E80022A1ED9B6
:106BE0008C46B1FBF2F102FB11C31B0443EA1043D4
:106BF000B3FBF2FC02FB1C3380B240EA0343B3FB5D
:106C0000F2F002FB103240EA0C4000237047022AE7
:106C100005D98446B0FBF2F002FB10C270474AB1BE
:106C200005D100F0010249085FEA300070470022F8
:106C30000023704701F08CB80B00020000210020F7
:106C40007047904271EB030CF6D3B3F5803F2FD21F
:106C5000F0B5B3FA83F7B1FA81F4A7F10F0E3D1B3B
:106C60005340CEF1200602FA0EF2F3415340B5F143
:106C70000F0746D80F3C2C444140C4F12006A040E9
:106C8000F1414140B1FBF3F603FB1611A2FB0645AF
:106C9000001BA94102D2761E8018594180EA0102E8
:106CA00021FA0EF362FA0EF200215A403046F0BD8E
:106CB00030B4B1FBF3FC03FB1C11A2FB0C45001B21
:106CC000A94103D2ACF1010C8018594130BC0246F5
:106CD0000B46604600217047B2F1807F65D3F0B566
:106CE000B2FA82F7B1FA81F4C7F10F063D1B22FA1E
:106CF00006F307F1110EF24120355A40B5F10F07A6
:106D0000B8D94140C4F12006A040F1414140B1FB57
:106D1000F3FC03FB1C11A2FB0C45001BA94103D291
:106D2000BCF1010C801859410F2F12D30F3FC9033A
:106D300041EA5041B1FBF3F603FB1611A2FB0645F5
:106D4000D4EBC030A94102D2761E8018594146EAE0
:106D5000CC3C07B34140C7F12006B840F141414067
:106D6000B1FBF3F603FB1611A2FB0645001BA9417C
:106D700002D2761E8018594180EA010221FA0EF3F0
:106D8000C7F1200462FA0EF20CFA07F05A402CFA0E
:106D900004F13043F0BD80EA010221FA0EF3002134
:106DA00062FA0EF260465A40F0BD8C46B1FBF2F139
:106DB00002FB11C31B0243EA1063B3FBF2FC02FBAC
:106DC0001C331B024CEA002043EA1063B3FBF2FCC5
:106DD00002FB1C331B024CEA002043EA1063B3FBA6
:106DE000F2FC02FB1C331B024CEA002043EA106356
:106DF000B3FBF2FC02FB1C324CEA0020002370477C
:106E00002DE9F0430746604D81B00C4605F1E400E2
:106E100000F09FFF5D485E4EDFF87891DFF87881E3
:106E2000C5F8B40000215D4885F87C10C5F8AC00B9
:106E300000F094FF01F042F8304600F0BFF9C5F8C9
:106E400094605748574EC5F89000304601F070F8EE
:106E5000D5F8901033464246484601F0CAF8D5F8B6
:106E60009410D5F89000C5F8A090324601F0C8F80B
:106E7000404601F0D7F8DFF83091DFF8308148461E
:106E800000F09CF9404600F099F94948C5F8A40083
:106E9000C5F89890C5F89C8001F0C6F84548D5F82B
:106EA000A410DFF81481C5F8B000C0F81011C0F8C4
:106EB0000C51404601F0C5F84048C5F8B800C5F887
:106EC000A88001F0D1F8002001F0D6F8012085F863
:106ED0002400D5F8900001F007F92861D5F890005A
:106EE00001F002F9009005F1C801BDF80200A88286
:106EF000C5F88C102B46D5F8902005F1E40105F17A
:106F0000C80001F0FCF8D5F8900001F002F9014644
:106F1000D5F88C00002200F08CFED5F88C0038608B
:106F20002E64D5F89C00D5F89810D5F894202863E5
:106F3000E9620021D5F8AC00A8636963E96369647C
:106F4000A96405F1E4002865AA62D5F8A810D5F86F
:106F5000A400D5F890206965A8650021E9650020A6
:106F60002866A866E86628676867A867EA6405F186
:106F70002800D5F8B01069662060012285F87C20D1
:106F800001B0BDE8F08300BF6C110020E0030020D9
:106F900014010020F00200203C020020CC0100205F
:106FA0009801002074020020400100206C010020A4
:106FB00034030020000000200C030020C803002040
:106FC0004348444981B0C0F800180422C0F80028A2
:106FD000C0F800180222D0F800180091009B3E492A
:106FE000C0F80018C0F80028C0F800180122D0F836
:106FF000001800914FF00111009B016002600160D8
:10700000082201680091009B3449C0F8001CC0F8B8
:10701000002CC0F8001CD0F8001C00911021009A30
:107020002F4AC0F8002CC0F8001CC0F8002C4FF408
:107030008072D0F8001C0091009B2A490160026018
:1070400001604FF40072016800914FF48131009BA0
:107050000160026001604FF4804201680091009B72
:1070600021494FF4A0330B600A600B604FF480623B
:10707000096800914FF48231009B01600260016059
:107080004FF48052016800914FF48831009B0160F9
:1070900002600160016800914FF40041009A4FF4D2
:1070A000C032C0F80024C0F80014C0F80024D0F8A2
:1070B000001400914FF40061009A4FF48432026092
:1070C0000160026000680090009901B0704700BF45
:1070D0001C0000480400010002000100080001003B
:1070E00010000100000101001C1000482DE9F047CC
:1070F0000446DFF8AC802B48DFF8AC90C8F8CC0031
:1071000084B00D4616461F46B9E80E54A0E80E544A
:10711000B9E80E54A0E80E54303800943B4632468D
:10712000294600F0F9FFD8F8CC0001F002F8D8F8B1
:10713000CC002322002101F006F8D8F8CC0024224C
:10714000012101F000F8A9F13009C8F8D080B9E8B0
:107150000F50A8E80F50B9E80F50A8E80F50DFF81B
:107160004C904846A8F1300800F0F2FF0C9AD8F88D
:10717000CC100F480F4B0090029201914946D8F86D
:10718000D0000D4A00F0E6FFD8F8D00000943B464E
:107190003246294600F0C0FF04B0BDE8F08700BFCA
:1071A000581200208C0300205C030020940400206F
:1071B00065B600089F14000885AF00080188428862
:1071C0008180C2800022018C41848260826270478B
:1071D000F0B40146FF220E79DFF878335FF0000546
:1071E00003EB8500006C58B10479B44202BF046817
:1071F0000868844208D06D1CEDB2042DF0DB06E077
:10720000042AF8DD2A46F6E72A460425F3E7144661
:10721000042C7BDA03F1400603EBC40046F824108B
:10722000002585610D68A868C60739D4686820F014
:107230000400686004262E602027686820F0200083
:1072400068602F60AE68DFF81003064046F0004625
:10725000AE60A868C00FFCD12868C00720D4AE6813
:10726000BE48064046F00106AE602E68F60717D409
:10727000AF68074047F00107AF602E68F7070FD4EB
:10728000AE68064046F00106AE602E68F60707D4E9
:10729000AF68384040F00100A8602E68F007DED5E6
:1072A00004EB440670001C180025257062711C1D3B
:1072B000225401240868036B1B091B0103630D7929
:1072C0002B462E460A2B04FA05F545EA866504D2BC
:1072D00003EB430345EA035506E00A3B03EB430394
:1072E00045EA035545F0007500F11403E80D00F080
:1072F00004008968C0182D0D05F01F0504680723D8
:10730000AB409C4301FA05F5254305601046F0BCEF
:1073100070470000F0B5044604EB44038D4A92F830
:10732000385002EB4303002619780427002941D185
:1073300006EB460E4FEA4E0112F801C0BCF1010FF8
:1073400004D0761CF6B2042E14D115E002F1050C1F
:107350001CF801C060450BD21E7183F805C0561D94
:1073600070540CEB4C06111D760088550426E8E796
:107370003746E6E7DCDB11E0042F08BF05460DD0F9
:1073800007EB47067600511D895D1F715971571D26
:10739000B85501EB4107161D790070540121197091
:1073A00005EB4506002159707600511C895D0129C5
:1073B00018BF05466A4982F8385091F86A0080BBC8
:1073C00002EB84010124096C0D79AC400A2D44EADA
:1073D000856404D205EB450544EA055406E00A3D00
:1073E00005EB450544EA055444F00074086800F1D3
:1073F0003005A40E286864F38A1028600C6857488A
:10740000266CA568054045F00405A5600868046879
:107410006407FCD5006C58800221587982F8380046
:1074200059705888F0BD4B4B93F83A200146002024
:1074300022B9012083F8391083F83A007047454992
:1074400091F83A20022A4FF6FF7003D1888F00226C
:1074500081F83A20704710B53E4C94F83A00012864
:107460001CD194F83900FFF755FFA08794F8390034
:1074700000EB400304EB4303597811B1022384F875
:107480003A3004EBC003996941B1002284F83A20F4
:10749000DA69A18F9B69BDE81040184710BD2D48DF
:1074A00090F83A0070472B4991F8380000EB400201
:1074B00052008B5C012B00D0704730B401EB800090
:1074C0000425006C0468256001240579AC400A2D70
:1074D00044EA856404D205EB450544EA055406E018
:1074E0000A3D05EB450544EA055444F00074036881
:1074F00003F13005A40E2B6864F38A132B6011444A
:10750000036816481D6C9C68044044F004049C60A9
:1075100001234B7030BC70470E4890F8382002EBC6
:10752000420100EB410191F801C0BCF1010F0BD108
:1075300000F1400353F82220126813685B0703D55B
:10754000126C4A8002224A70497980F838107047DC
:10755000000000002C130020C0FFFF3FC0FFFF7F92
:10756000CC01002050B1B0FA80F18840C91CC1F5AF
:107570008461090501EBD021400570470146704741
:1075800030B540F2FF7C1CEA11541DBF1CEA1355B4
:10759000644565453FE0641981EA030C6FF35F536E
:1075A0000CF0004C43F48013C90241F0004141EA61
:1075B000505EC5021100A5FB020200284FF000003A
:1075C000EEFB01204FF00001E3FB052118BF42F064
:1075D0000102401800214941E3FB0E01A4F580643B
:1075E0000D0302D292184041494154F1010470DD6B
:1075F000450872F1004250F1000051EB0451A1F531
:10760000801102D441EA0C0130BD40F2FF7E4CEA09
:107610000E51002030BD0CEA1355644518BF654576
:1076200081EA030C0CF0004C41D050EA410E1CBF23
:1076300052EA430E02E06146002030BD24422C4451
:107640001BD15FEA050EF6D0090302BF01460020F8
:10765000AEF1140EB1FA81F5AEEB050401FA05FEA8
:107660000C35C5F1200100FA05F5C8404EEA000EC0
:107670006FF35F5343F480139CE733F00043B3FA96
:1076800083F504BFB2FA82FE75440B3D641BB5F16D
:10769000200E2FBF02FA0EF3AB40C5F1200E22FAE6
:1076A0000EFE38BF43EA0E03AA40641C7CE750EA92
:1076B000410E14BF52EA430E6FF000014FF4001563
:1076C00015EB430F8EBF194615EB410F9DE7B4D85C
:1076D00030BDD4F10104B4F120050FDAC4F1200566
:1076E000520828BF42F0010210FA05FE01FA05F522
:1076F0007244E2BFE0402843E1400FE0352C9ADCC1
:10770000C5F1200452EA400220FA05F218BF42F007
:10771000010231FA05F0A1400A43002172F1004252
:1077200050F1000051EB0C0130BD000070B491EA43
:10773000030F4FF0004540F1B7806B40841A71EBA6
:10774000030604D26E40001BB141121973414FF47D
:10775000001C1CEB410F34BF7CEB430683E00C0D97
:10776000A4EB1356362E00F37C80012E45EAC3238A
:1077700041DC43EA525312BFD20292025B08240555
:1077800045EAC12141EA5051D2EBC020994125D4AC
:1077900007D1B0FA80F610FA06F162D00020203648
:1077A00008E0B1FA81F6B140C6F1200220FA02F2F7
:1077B0001143B0404FEAF474B4EB465434F0010680
:1077C0004FEA74040AD8D6F50016760D04F000448A
:1077D000F04061FA06F25040F1404840C00A40EAE9
:1077E000415021F0004128BF5FEA500550F10000F0
:1077F00044EBD12135E0DB0A45EAC121C90AB6F1E3
:1078000020050EDD42EA0242120CC5F1200603FA01
:1078100006F6EB4042EA06056D42984161F100012F
:107820000DE062FA06F5F240554063FA06FC82EA82
:107830000C02F3405A406D42904161EB030111F498
:10784000801F05D1641E620502D06D004041494190
:1078500021F48011430875F1004350F1000041EB21
:10786000045170BC70471CEB410F15D223F000434C
:1078700052EA43060BD04FEA4C0CBCEB410F04D844
:107880000C0D661E342EB7DDEBE7801A994150EAE5
:10789000410608BF0021E4E708BF1CEB430F28BFE7
:1078A0006FF00001DDE70000841A71EB030603D2DC
:1078B000001BB141121973414FF4001C1CEB410F26
:1078C00034BF7CEB430442E00C0DA4EB1356352E81
:1078D0004FDC45EAC323DB0A45EAC121C912B6F1F0
:1078E00020050DDD63FA05F6EB4086EA030512423A
:1078F00018BF45F00105C01851F100010CD213E08A
:1079000062FA06F5F2405540F3415A40B340F34065
:107910005A408018594107D349085FEA30005FEAAE
:10792000350528BF45F0010501F58011420875F1C4
:10793000004250F1000041EB04514E0016F5001FCB
:1079400070BC38BF70470020090D090570471CEB5B
:10795000410F10D252EA43060BD0BCEB410F05D8C1
:107960000C0DAB43661E342EB6DD02E0AB4380182F
:10797000594170BC704770BC70470000C1F30A5396
:1079800040F21E42D31A0CDDCA0283F3070342EA17
:10799000505242F00042DA4002EBE17282EAE170BA
:1079A00070476FEAE17203F2E13008B182F0004003
:1079B0007047000030B400250023012202FA03F4CE
:1079C000204218BF6D1C5B1C0F2BF7DB05F0010577
:1079D000681E804130BCC043C00F7047F0B50C46F4
:1079E000DFF82052DFF82062DFF820726870010AA9
:1079F000297081B0002202213046F9F73CFE642054
:107A000000900223AA1C29463846FBF711FA00BF52
:107A100097F85D000228FBD0012202213046F9F7D9
:107A20002AFE0120FDF78AFE200A28706C700022D1
:107A300002213046F9F71FFE642000900223AA1CA1
:107A400029463846FBF7F4F997F85D000228FBD089
:107A5000012202213046F9F70EFE0120FDF76EFEED
:107A6000C021002029706870002202213046F9F7F9
:107A700002FE642000900223AA1C29463846FBF728
:107A8000D7F900BF97F85D000228FBD00122022140
:107A90003046F9F7F0FD0120FDF750FEA978E878AF
:107AA00000EB01206881C4F30D04C0F30D00A88130
:107AB000EC8184420CBF0120002001B0F0BDF0B584
:107AC0000C46DFF84051DFF84061DFF84071687024
:107AD000010A297081B0002202213046F9F7CBFD5E
:107AE0004FF47A7000900223AA1C29463846FBF70F
:107AF0009FF9012202213046F9F7BDFD42F21070D4
:107B000000BF401EFCD1B4B9002202213046F9F773
:107B1000B2FDC02200214FF47A702A706970009083
:107B20000223AA1C29463846FBF782F901220221CA
:107B30003046F9F7A0FDA978E87840EA012001B0C5
:107B4000F0BD30B5C0F30D0545F4804581B00C465D
:107B50002846FFF72FFF60F3CF352146284601B0B6
:107B6000BDE83040ABE730B5C0F30D0581B00C4641
:107B70002846FFF71FFF45EAC035C4F30D04204631
:107B8000FFF718FF44EAC034A1B2A8B201B0BDE8C3
:107B9000304023E710B500211620FFF7D2FFC4B212
:107BA00000211720FFF7CDFF00F03F0000EB84100D
:107BB00010BD70B50646162006F03F04FFF7FAFE2A
:107BC000B6040546360E3046FFF7F4FEED0346EAEE
:107BD000C03645F01605B1B2A8B2FFF7FFFE172078
:107BE000FFF7E8FE05462046FFF7E4FEED0344EA12
:107BF000C03445F01705A1B2A8B2BDE87040EDE66B
:107C0000000000000E14002000180048380E00206C
:107C100081827047C1827047408B70478160704796
:107C20000149086800F0BABAD0050020006800F0E9
:107C3000B9BA01230373C181C282037643767047C8
:107C400010B504460321206800F0AEFA012808BFF1
:107C5000207610BD0146C88849884843000C70470B
:107C60000149086800F010BBD005002001490868F0
:107C700000F014BBD00500200149086800F016BBD5
:107C8000D00500200149086800F018BBD00500208D
:107C90000149086800F027BBD005002001490868A9
:107CA00000F036BBD005002001F000428B1AA3F192
:107CB0006051B1F5801F0ADBB1F17F6F1FD242EA3C
:107CC000C102C10071F1004142EB507070470B15C9
:107CD000C3F10903212B10D2890241EA905180029D
:107CE0000128494141F0004121FA03F0C3F120038A
:107CF000994071F1004150417047100070476FF09A
:107D0000000013EB103F5CBF000E42EAC05070470A
:107D100030B5054681B0286800F044FA00240628F2
:107D200003D1686800F0FCFA0446204601B030BD7B
:107D30000149086800F0FABAD00500200182C28229
:107D4000022301220021037302764176704700006E
:107D5000704700230370438083807047F0B5054669
:107D600081B0E86E066884684768716821F0040194
:107D70007160042030602020716821F02001716062
:107D800030600420796821F0040179603860202097
:107D9000796821F0200179603860454945488C4276
:107DA00004D1026842F40062026003E0016841F419
:107DB00000510160B168C80708D4304600F0BAFA33
:107DC00040213160706840F040007060B868C107C1
:107DD0005CBF384600F0AEFA2168490849002160CE
:107DE0004FF47A70626834490A40626004F1180105
:107DF0000A6842F008020A600B6843F4006341F825
:107E0000043B0E6846F008060E600A6842F4006201
:107E10000A60616941F001016161EA6E92F829101E
:107E2000022913D192F82A10012904BF92F82730B1
:107E3000032B12D121630321636943F001036361C2
:107E40002163B5F86410491E616215E095F846108B
:107E500091B992F82710012904D1B5F86410491E90
:107E6000616209E0032907D10121216303216369CC
:107E700043F00103636121636FF08003236192F893
:107E8000281029B909E000BF6FF480722261401EFA
:107E90002269D10501D50028F6D1E06840F08000C4
:107EA000E06040F25550216A0143216201B0F0BD0B
:107EB000002C0140102004E08FFFFFFD18481949F5
:107EC00081B00268D20712D4036843F00103036053
:107ED000026802F001020092009B0A6942F001026E
:107EE0000A61016849084900016001B070470A68E9
:107EF000D1F800C00C4B03EA0C0C4CF0200CC1F87C
:107F000000C0086940F001000861D1F800C00748CE
:107F100003EA0C0302401A430A6001B0704700BF35
:107F200058100240040000408FFFFFFD7000000267
:107F300070B402460021106A036843F400630360D2
:107F400041624FF0FF33B2F86E1092F87740B3FB06
:107F5000F1F191662405B2F86C3003EB830149001E
:107F60005162002500F118010B6823F0F00343EA89
:107F700014430B6092F877400B68240523F4704398
:107F800043EA14230B606FF001010161C36843F001
:107F90000103C360016841F00101016092F87500BE
:107FA000002824DD10F0030100F0098002F128040C
:107FB0000026EBB26D1C44F82360491EF6D1800800
:107FC00000F0158002F128030024E9B243F82140B3
:107FD0006D1CE9B243F821406D1CE9B243F8214021
:107FE0006D1CE9B26D1C43F82140401EEAD170BC03
:107FF000704701604260836000228273C2737047E1
:108000004261016190F82A200270B0F92C10B0F999
:108010002E20090441601204002182604180C16069
:108020008161704700F02ABA10B5044604F10C00D3
:10803000FFF7CEF884F826002046BDE8104000F097
:1080400034BA10B50446207848B9201DFFF7C0F8AF
:1080500084F826002046BDE8104000F056BA608A39
:1080600020820021E18210BD002181604160C16059
:10807000016101214161704710B584B002A900225D
:108080000A60009201A90A6026221649029C12FB8E
:1080900000F20A441460019B5360009CD4600024E9
:1080A000009B1361D483009BC2F816300023019C0F
:1080B000C2F81A40138401EB80040021D4F8980020
:1080C000FFF7ACFDD4F89C000021FFF7A7FDD4F822
:1080D000900000F01DFAD4F8AC0000F021FA04B0D2
:1080E00010BD00BF6C11002081B0B0F92E10ADF8AA
:1080F0000010008EADF80200009801B070470160DA
:108100004260002183600173C1810182C1820176D6
:108110007047B0F92C00704781B0DDF804C00177DA
:1081200002620021436280F82C10C0F828C001B020
:1081300070474169002918BF0847704781690029C5
:1081400018BF084770474368002B18BF184770478F
:1081500000F0E8B9F0B581B0044608461546069F20
:10816000079A0899C4F8C0102063C4F8C4201E46BA
:108170000749084B084A0091214600F0E8F9656379
:10818000A663E763204601B0BDE8F04000F0EAB91D
:108190006DB600081986000871B60008006807214E
:1081A00000F002B80078704710B502780024142A55
:1081B0000ED8DFE802F01821572D475557595B615B
:1081C0000D0D0B27292B3739414E3F000A0057D0A0
:1081D00003291CBF0129072903D00022802100F0B8
:1081E000CEF9204610BD0A46032A49D0012A45D1BE
:1081F00001240170204610BD072918BF0D293FD06A
:108200000E2934E00E2918E00F2916E0022914E0A7
:10821000072918BF102933D0042918BF11292FD0DE
:10822000012924E0112908E0122918BF072927D0C5
:1082300014291CE0122900E0042913D10124017043
:10824000204610BD0A46132A06D10124017020469B
:1082500010BD0A46042A13D0072A11D0052A06E0C9
:1082600006290DD0072902E0082900E00929AFD12D
:1082700001240170204610BD0A0001D00C2AA7D1AC
:1082800001240170204610BD00B581B0406800F0A7
:108290008FF901B05DF804EB00F08CB900B581B046
:1082A000006800F08AF980B201B000BD00B581B06D
:1082B000006800F082F9000C01B000BD00B581B08B
:1082C0008168B1F91A00B1F91C1011FB01F110FB22
:1082D000001000F079F947F6FF718842C8BF0846E0
:1082E00000B201B000BD00B581B08168B1F90400F1
:1082F000B1F9061011FB01F110FB001000F064F958
:1083000047F6FF718842C8BF084600B201B000BD01
:1083100010B504466068FFF7E7FEA168086110BD6C
:1083200001460020C96801B901207047006800F0CB
:1083300069B90000014681B08A68494802408A60F4
:108340008A68D00027D48A684648DFF81CC10240FA
:1083500042F080528A600023DCF80000434AE0FBD0
:1083600002235A0C00920098A8B10098401E009079
:10837000009880B10098401E0090009858B1009875
:10838000401E00900098002805D00098401E0090E4
:1083900000980028E9D18A683548024042F000423E
:1083A0008A608868C00FFCD10B682E4AD8071FD49A
:1083B0008B68134043F001038B600868C30717D430
:1083C0008868104040F0010088600B68D8070FD41F
:1083D0008B68134043F001038B600868C30707D420
:1083E0008868104040F0010088600B68D807DFD52E
:1083F0008B68134043F008038B608868104040F09E
:1084000020008860CB681B48034043F40013CB6016
:108410008868024042F004028A6001B0704770B47C
:10842000C26E9668146853687568134A1540756083
:1084300090F86650102D0ED2C56DD4F88020046ED1
:108440005519C565D3F880201419046690F8663074
:108450005B1C80F8663000220A804A8070BC70473E
:10846000C0FFFF5FC0FFFF7FE805002047ACC5A746
:10847000C0FFFF3FFFFFDF7F8FFFFFFD0023037083
:108480008380C3808381C38143820370036243621C
:108490000385038680F82C3080F82D3080F8323048
:1084A00080F83330C18EC185704730B4428B818BE8
:1084B0008A18018B5208002301B3016A9CB221F88B
:1084C00014205B1C048B9DB2A54217D29CB221F8EC
:1084D00014205B1C048B9DB2A5420FD29CB221F8E4
:1084E00014205B1C048B9DB2A54207D29CB221F8DC
:1084F00014205B1C018B9DB28D42DED30021828053
:10850000C28080F8251030BC70470021018270477E
:108510000278012A03D100690021FFF77FBB704771
:1085200081680847002141820175417580F89610E5
:1085300080F8971080F8981080F8991080F89A10B9
:1085400080F81B1180F81C1180F81D11704781B054
:1085500030B1DDF804C0016042608360C0F80CC037
:1085600001B0704710B50446206BE16B884780204E
:1085700084F8C800A16B206BBDE81040084770B4B8
:1085800003461C785E889D8820460E4329430A28AE
:1085900026EA0202998003D1110005D10B2402E0E2
:1085A000110001D00A2420461C705A8070BC70470C
:1085B00040697047B0F90C007047014688884988C7
:1085C00040EA0140704700000146002916DD002204
:1085D0000B488142B4BF4FF0800C4FF4005C00BFE9
:1085E00091FBFCF0604400EBD0704010604506D079
:1085F000521CD3B2062B8446F2D37047002070473A
:1086000001002000014600200A780B2A03D109232B
:108610000B708880012070472DE9F0418AB0044634
:108620000F4600207D09164698468DF8040013D0A9
:108630006D1E2A460021204600F0CEFA18B90B2004
:108640008DF80500ABE2D4F8C40007F01F0718B19D
:108650002A46002100F0C0FA122F00F29D82DFE8C6
:1086600017F09E021300A70094019B029B029E013B
:10867000CC01EF012202480259026B02E0019B0289
:108680009B029B029B029E023178052088298DF86F
:10869000050000F28B80DFE801F045898954896F7D
:1086A0006F6F6F6F6F6F6F6F6F6F797989896F6F92
:1086B0006F6F6F8989895B658989898989898989CA
:1086C000898989898989898989898989898989891A
:1086D00089898989898989898989896F8989898924
:1086E0007979798989898989896F8989896F6F6F92
:1086F0006F6F6F6F897989898989896F89896F6FB0
:10870000898989898989898989898989898954791E
:108710007979797989898979798989898989898929
:108720006F6F6F007578D4F8C4002A46002100F0FE
:1087300053FA2A460021204600F04EFA8DF8040034
:108740002DE27278204600F047FA8DF8040026E208
:108750007278D4F8C4000021FFF7F5FC01208DF8F1
:1087600004001FE27278D4F8C4000121FFF7EBFC8B
:1087700001208DF8040015E27078B27800EB022237
:10878000204600F029FA8DF8040008E27078B278EB
:10879000337900EB0222F07802EB004202EB036235
:1087A000204600F019FA8DF80400F8E10221F4E106
:1087B0003178032288298DF8052000F2F081DFE866
:1087C00011F08900C80089008900C800BA00BA0009
:1087D000BA00BA00BA00BA00BA00BA00BA00BA00C9
:1087E000BA00BA00BA00BA00BA00BA00BA00BA00B9
:1087F000BA00BA00BA00BA00BA009700AD00C800CB
:10880000BA00BA00BA008900EE01EE01EE01EE01F5
:10881000EE01EE01EE01EE01EE01EE01EE01EE01E0
:10882000EE01EE01EE01EE01EE01EE01EE01EE01D0
:10883000EE01EE01EE01EE01EE01EE01EE01EE01C0
:10884000EE01EE01BA00EE01EE01EE01EE01C8000C
:10885000C800C800BA00BA00BA00BA008900C8004F
:10886000BA00BA00BA00BA00BA00BA00BA00BA0038
:10887000BA00BA00BA008900C800EE01BA00BA0016
:10888000BA00BA00BA00EE01EE01BA00BA008900DF
:108890008900C800C800C800C800C8008900BA0024
:1088A000BA00C800EE01BA00BA008900C800C800CA
:1088B000C800C800C800C800C800C800C800C80078
:1088C000C8008900EE018900D600D600D600BA00A3
:1088D000BA00BA0001AA204600F020FA00909DF8E4
:1088E0000400012840F05B8101236A46F02166E123
:1088F000D4F8C400002800F05281002100F02EFCC2
:108900008DF800000123206B646B6A46F021A047BC
:1089100001208DF804000AB0BDE8F081D4F8C4004D
:10892000002800F03C81012100F018FC8DF80000C7
:1089300001236A4659E001AA204600F0EFF90090B1
:108940009DF80400012840F02A8102236A46F021A4
:1089500035E101AA204600F0E1F900909DF80400FD
:10896000012840F01C8104236A46F02127E101AA76
:10897000204600F0D3F900909DF80400012840F053
:108980000E8104236A46F02119E1317807208DF821
:108990000500204600F0EAFB8DF80400FFE002AD80
:1089A00000200021002200230FC50FC50DF1080192
:1089B000D4F8C020125C092A04D0CA70401C491C9B
:1089C0001D28F5DBD4F8C0305A1D115C8DF8081055
:1089D00002A9D4F8C0200244D3794B702023D4F8E4
:1089E000C0200244507A887002AA206B656BF02187
:1089F000A84701208DF80400D4E030797179F3782C
:108A000000EB01223078717800EB0121B07801EBA6
:108A1000004101EB0361204600F0F2FB8DF80400F9
:108A2000BDE03079717900EB01223078717800EB8C
:108A3000012109B2204600F0FDFB8DF80400AEE0F4
:108A40000DF1060000900DF10A03317802AA2046CC
:108A500000F0FAFBBDF90A305C48C3EB0311890052
:108A600081FB0020801000EBD07002148DF80C0008
:108A700003A903128A700016BDF90620C8701212ED
:108A8000BDF806004A7108714B700823BDF8082034
:108A9000BDF808008871120ACA71206B656B03AAC1
:108AA000F021A8477BE07079B17900EB01231BB27C
:108AB00000937278B1783379F57902EB0120F2787E
:108AC00000EB024000EB036000EB800149004048EE
:108AD00081FB002008444311307A317803EBD373D3
:108AE00005EB00221BB2204600F0D6FB8DF80400F7
:108AF00055E0B078F17800EB01223078717800EB26
:108B0000012112B209B2204600F0E3FB01218DF8E9
:108B1000041047E00C218DF8051002968DF80C80AA
:108B200002A82C4D294600F0E2FB00288DF8040035
:108B300041D02B792A6837E0002202A9D4F8C0007E
:108B4000805CB8B10870521CD4F8C000805C88B159
:108B50004870521CD4F8C000805C00280AD088708D
:108B6000521CD4F8C000805C20B1C870521C091D92
:108B7000202AE3DB202A05DA02A8C2F120011044F2
:108B800000F0B8FB206B656B202302AAF021A847F8
:108B900001228DF8042005E001218DF805109DF8D3
:108BA000040040B100230022206B646BF021A04739
:108BB0000AB0BDE8F08101230DF10502FF21206B11
:108BC000646BA0470AB0BDE8F08100BF67666666C7
:108BD000898888884814002070B582B01646036AD8
:108BE00090F82C2053F82240436A53F822200125A4
:108BF000E1B1032937D005292CD006292DD007292A
:108C00002ED008294AD009294FD00A2950D00B2943
:108C100051D00C2952D00D295DD00E2962D00F29D8
:108C200067D041296CD05B2907D070E0F1B200F029
:108C300064FB0546284602B070BD06EB86035B0068
:108C4000354983FB01011944491101EBD17100221F
:108C500009B21DE0106831B23FE0106831B243E064
:108C6000106831B247E0F0B250B9204600F04FFB37
:108C7000014600222046FFF761F8284602B070BD89
:108C8000F6B2012E44D1204600F045FB00220146F9
:108C90002046FEF7CEFF284602B070BD204600F009
:108CA0003DFB0090ADF800600EE0506831B214E07A
:108CB000506831B218E0506831B21CE0204600F034
:108CC0002DFB0090ADF802602046009900F02CFBCF
:108CD000284602B070BD906831B200F034FB2846DF
:108CE00002B070BD906831B200F02FFB284602B090
:108CF00070BD906831B200F02AFB284602B070BD0A
:108D000031B2204600F025FB284602B070BD002598
:108D1000284602B070BD00BF8988888870B50346B8
:108D200082B05C6A93F82C0054F820501C6A54F806
:108D3000204000200AB101261670812900F2058228
:108D4000DFE811F0820088008E00D5009400A200B8
:108D5000A400A600C500070109010B01CD00150103
:108D60001B012101030203020302030203020302A7
:108D7000030203020302A800AE0027012D012F0108
:108D8000B4009A01A2010302AA01B301BB01C3010D
:108D9000CB019A01A201D301DB01E301EB01F30155
:108DA000FB01460162010302030203020302030204
:108DB0000302030203020302030203020302360159
:108DC0003C017E018C010D01030203020302030238
:108DD000030203020302030203020302030203026B
:108DE000030203020302030203020302030203025B
:108DF00003020302030203020302DB000302030275
:108E0000030203020302030203020302030203023A
:108E1000030203020302030203020302030203022A
:108E2000FB000101C2000302050205020302030266
:108E3000030203020302030203020302030203020A
:108E4000030203020302050202B0BDE870401846A7
:108E500000F083BAA86A02B0BDE87040FFF7ADBB6E
:108E6000A86A02B0BDE87040FFF79CB9204600F048
:108E700052FAC0EB00129200B64982FB0101881041
:108E800000EBD07002B070BD286871E0286875E012
:108E9000286879E0286B02B0BDE87040FEF7DABEC2
:108EA000E86A02B0BDE8704000F05ABA2046FFF709
:108EB000EBF9C0EB00129200A64982FB0101881079
:108EC00000EBD07002B070BDA34802B070BD204668
:108ED00000F024FA0090BDF9000002B070BD2046F9
:108EE00000F01CFA0090BDF9020002B070BD2046EF
:108EF00002B0BDE8704000F046BA204600F043FAE8
:108F0000012820460CD100F040FAC0EB0011890086
:108F1000904881FB0020801000EBD07002B070BD43
:108F200000F0F9F9C0EB001292008A4982FB0101BE
:108F3000881000EBD07002B070BD286802B0BDE8A8
:108F4000704000F02ABA286802B0BDE87040FEF711
:108F500063BE68680CE0686810E0686814E020464A
:108F600000F0DCF90090BDF9020002B070BDA86805
:108F700002B0BDE8704000F012BAA86802B0BDE8C7
:108F8000704000F00FBAA86802B0BDE8704000F071
:108F90000CBAE86B02B0BDE8704000F009BA0021DD
:108FA00000E0012102B0BDE87040184600F0D6B8DC
:108FB0001A69002A00F0CB80002104E01A69002A17
:108FC00000F0C580012102B0BDE87040184610478E
:108FD000996A93F82C2051F822200021130F022BBC
:108FE00014BF012BA969C2F30363022B1ABFC2F39A
:108FF0000362012AE969002900F0A98002B0BDE8F6
:109000007040084600F0D7B9996A93F82C2051F8BF
:1090100022200021130F022B14BF012BA969C2F3D8
:109020000363022B1ABFC2F30362012AE969002914
:1090300000F08D8002B0BDE87040084600F0BEB977
:10904000686A00F0C5F9C0EB00129200414982FB4A
:109050000101881000EBD07002B070BD686A00F0AA
:10906000B9F9C0EB001189003A4A81FB0202901065
:1090700000EBD07002B070BD204600F0AEF9009059
:10908000BDF9000002B070BD204600F0A6F90090C6
:10909000BDF9020002B070BD6969002957D002B065
:1090A000BDE87040084600F09EB9204600F09EF9E9
:1090B0000090BDF9000002B070BD204600F096F9A6
:1090C0000090BDF9020002B070BD204600F094F996
:1090D0000090BDF9000002B070BD204600F08CF990
:1090E0000090BDF9020002B070BD204600F016F9F4
:1090F0000090BDF9000002B070BD204600F00EF9EE
:109100000090BDF9020002B070BD204600F07AF96F
:109110000090BDF9000002B070BD204600F072F969
:109120000090BDF9020002B070BD204600F071F958
:109130000090BDF9000002B070BD204600F069F952
:109140000090BDF9020002B070BD02B1107002B013
:1091500070BD00BF676666667A84A63402468920C1
:109160009368002B1CBF10461847704730B581B07C
:10917000026A90F82C000124491E52F820500D2953
:1091800039D8DFE801F007090B393916262C3238B7
:1091900038383809284612E0284615E02846FEF7F8
:1091A00045FD062828D1284600F03AF9204601B0AE
:1091B00030BD2846FEF73AFD0028284604D1FEF7C8
:1091C0003FFD204601B030BDFEF7E8FF204601B06C
:1091D00030BD2846FFF7AAF8204601B030BD28462A
:1091E00000F021F9204601B030BD2846FFF790F885
:1091F000204601B030BD0024204601B030BD000043
:1092000030B501EB810481B06400094B056A84FB31
:1092100003132344591190F82C3055F8230001EB27
:10922000D17109B2FEF705FD012001B030BD00BFCC
:109230008988888810B5036A90F82C4053F8240078
:10924000FEF77CFD012010BD2DE9F04381B088467A
:10925000416A90F82C0051F820104C691646994646
:109260000125A4B1089F4146204600F0E0F8308077
:109270004146204600F0E1F8A9F8000041462046AA
:1092800000F0E2F8388001B02846BDE8F083002500
:10929000284601B0BDE8F083F0B50C461D4681B00C
:1092A000416A90F82C0051F820305F69BDF91860D0
:1092B0002146384600F0CFF82A462146384600F0CD
:1092C000D0F832462146384600F0D1F8012001B0EE
:1092D000F0BD82B0ADF80010ADF80220026A90F83F
:1092E0002C30009952F8230002B000F01DB8002085
:1092F000704700000022F8F7A3B802460120137F50
:10930000994201D30020704782F82C107047806882
:10931000B0F91E007047406800F0AFB881B08168B6
:109320000869009001B0704702B403220273012261
:10933000BDF800104182BDF8021081820276002142
:10934000417601B0704781807047C1807047418489
:109350007047806841828182704790F82C00704786
:10936000017869B9028A016A521AB0F91E10808C1C
:109370005143CA1301EB124100EB214000B2704788
:10938000808A00B27047407E7047014600200A7B09
:10939000012A08BFB1F90E007047008B7047B0F981
:1093A00004007047B0F906007047B0F9220070471A
:1093B000B0F904017047B0F904007047B0F90C101F
:1093C000B0F91400C1EBC13191FBF0F000B270476D
:1093D000C08B7047B0F92400704781B08168C868BD
:1093E000009001B0704790F84800704781B08168E4
:1093F0000868009001B0704781B0816848680090AB
:1094000001B0704781B08168D1F81600009001B0BA
:10941000704781B08168D1F81A00009001B07047A0
:10942000406800F030B800680121FEF7BDBE01EBD6
:10943000410200EB82008089704701EB410200EBA2
:109440008200B0F90E00704701EB410200EB820090
:10945000B0F91000704701EB410300EB83008281FB
:10946000704701EB410300EB8300C281704701EBC1
:10947000410300EB8300028270474068C11300EB98
:109480001140001470470022C260826170470000E2
:109490001E001E001E001E001E001E001E001E00DC
:1094A0001E001E001F001F001F001F001F001F00C6
:1094B0001F002000200020002000200020002100AC
:1094C0002100210021002100220022002200220090
:1094D0002200230023002300250026002800290065
:1094E0002B002D002E0030003200330035003700F5
:1094F00038003A003C003E00400041004300450077
:10950000470049004B004D004F00510053005500EB
:10951000570059005B005D005F006100630066005A
:1095200068006A006C006E007100730075007700BF
:109530007A007C007E0081008300850088008A001C
:109540008C008F0091009300960098009B009D0076
:10955000A000A200A400A700A900AC00AE00B100CA
:10956000B300B600B800BB00BE00C000C300C50019
:10957000C800CA00CD00CF00D200D500D700DA0065
:10958000DC00DF00E200E400E700E900EC00EF00AF
:10959000F100F400F700F900FC00FE0001010401F5
:1095A000060109010B010E01110113011601190138
:1095B0001B011E0120012301260128012B012E0180
:1095C00030013301350138013B013D0140014201C9
:1095D000450147014A014D014F0152015401570114
:1095E00059015C015E0161016301660168016B0163
:1095F0006D0170017201750177017A017C017F01B3
:1096000081018301860188018B018D018F01920107
:109610009401970199019B019E01A001A201A4015F
:10962000A701A901AB01AE01B001B201B401B601BD
:10963000B901BB01BD01BF01C101C401C601C8011F
:10964000CA01CC01CE01D001D201D401D601D8018A
:10965000DA01DC01DE01E001E201E401E601E801FA
:10966000EA01EC01EE01EF01F101F301F501F7016F
:10967000F801FA01FC01FE01FF01010203020502EB
:109680000602080209020B020D020E02100211026C
:10969000130214021602170219021A021C021D02FA
:1096A0001F0220022102230224022502270228028F
:1096B00029022A022C022D022E022F02300232022F
:1096C00033023402350236023702380239023A02D6
:1096D0003B023C023D023E023F0240024102410287
:1096E0004202430244024502450246024702480242
:1096F000480249024A024A024B024B024C024D0206
:109700004D024E024E024F024F024F0250025002D3
:1097100051025102510252025202520252025302AB
:10972000530253025302540254025402540254028C
:109730005402540254025402540254025402540279
:10974000540254025402540253025302530253026D
:10975000520252025202520251025102510250026E
:1097600050024F024F024F024E024E024D024D0276
:109770004C024B024B024A024A024902480248028A
:1097800047024602450245024402430242024102A8
:10979000410240023F023E023D023C023B023A02CD
:1097A00039023802370236023502340233023202FD
:1097B00030022F022E022D022C022A022902280238
:1097C0002702250224022302210220021F021D0279
:1097D0001C021A02190217021602140213021102C5
:1097E00010020E020D020B02090208020602050217
:1097F00003020102FF01FE01FC01FA01F801F70179
:10980000F501F301F101EF01EE01EC01EA01E801DC
:10981000E601E401E201E001DE01DC01DA01D80148
:10982000D601D401D201D001CE01CC01CA01C801B8
:10983000C601C401C101BF01BD01BB01B901B6012F
:10984000B401B201B001AE01AB01A901A701A401AD
:10985000A201A0019E019B0199019701940192012F
:109860008F018D018B0188018601830181017F01B8
:109870007C017A0177017501720170016D016B0144
:1098800068016601630161015E015C0159015701D4
:10989000540152014F014D014A0147014501420166
:1098A00040013D013B0138013501330130012E01FA
:1098B0002B0128012601230120011E011B01190192
:1098C0001601130111010E010B010901060104012A
:1098D0000101FE00FC00F900F700F400F100EF00C8
:1098E000EC00E900E700E400E200DF00DC00DA0061
:1098F000D700D500D200CF00CD00CA00C800C500F7
:10990000C300C000BE00BB00B800B600B300B10089
:10991000AE00AC00A900A700A400A200A0009D001A
:109920009B0098009600930091008F008C008A00A5
:1099300088008500830081007E007C007A0077002B
:109940007500730071006E006C006A0068006600AC
:10995000630061005F005D005B0059005700550027
:10996000530051004F004D004B0049004700450097
:109970004300410040003E003C003A003800370000
:1099800035003300320030002E002D002B0029005E
:109990002800260025002300220021001F001E00B1
:1099A0001D001B001A0019001700160015001400F6
:1099B00013001200110010000F000E000D000C002B
:1099C0000B000A0009000800080007000600050057
:1099D000050004000400030003000200020001006F
:1099E0000100010000000000000000000000000075
:1099F0000000000000000000000000000000000067
:109A00000000000000000000000000002DE9F0430D
:109A100083B08848884F894C00F01CF9D7F8900033
:109A2000FEF7C6FD8046FFF7C6FC0546D7F8AC003A
:109A300001A900F028F9FDF76FFDFDF734FD01984D
:109A400000F024F90646294600F044F900907C49CC
:109A5000207891ED000A00283ED1DFED700AB4EEC7
:109A6000600AF1EE10FA56D5B7F91820D7F89C1015
:109A7000100003D540428882388B03E08A82B7F910
:109A800018004042C882B7F91600D7F898100200B3
:109A900003D552428A82F88A03E08882B7F9160019
:109AA0004042C882B7F91010DFF89891002907D515
:109AB000494209B24846FEF7ABF8B7F9101006E084
:109AC0004846FEF7A5F8B7F91010494209B24846D2
:109AD000FEF7A0F801201DE0DFED510AB4EE600AA8
:109AE000F1EE10FA17DBD7F89C00DFF8589147F633
:109AF000FF728282D7F898108A82534AC282CA8241
:109B000042F2EA214846FEF783F850494846FEF7FC
:109B100081F800202070B7F91010BDF90000091A73
:109B2000D7F8980000F00AF9ADF80800B7F912105C
:109B3000BDF90200091AD7F89C0000F0FFF8ADF853
:109B40000A00DFED381A42488289B0F91C0000EEA5
:109B5000102AB8EE400A60EE211AFDEEE11A11EE6D
:109B6000901A89B201EE901A00EE900AB8EE610ADE
:109B7000F8EEE00AC0EE200AB5EE001A30EE811AC7
:109B8000DFED291AB4EE611AF1EE10FAA8BF9FEDCD
:109B9000231A08DADFED251AB4EE611AF1EE10FA95
:109BA00048BFB0EE611ADFED221A61EE211AFDEE18
:109BB000E11AD7F8B40011EE901AA7F888100180C6
:109BC00087ED311AC7ED300A87ED2F0A029900F0B0
:109BD000F1F80446404600F03BF92946204600F0E3
:109BE0003AF98046D7F8AC00414600F053F90199A4
:109BF000009AC7F81640012839607E60FA60C7F8FD
:109C00001A803D8405D10022012107F1E400FEF70E
:109C1000B6FC002003B0BDE8F08300BF3333733FD0
:109C20006766863F0AD7A33C3433733F333373BF31
:109C300000FEFF46740200206C110020E31000209B
:109C400038140020140100200180FFFF16DDFFFF03
:109C5000280F00200146086A426A886ED1F808C0C1
:109C600092B24243D31302EB1342B1F90630487863
:109C70001214CA8012FB00F08880D21A0CFA82F209
:109C80008A6000B2704742681047000001B481B09A
:109C9000BDF90400BDF90620ADF8000001460B48EF
:109CA00011FB00F044F6E61112FB01F1A0EB4100BC
:109CB000C01300F30F00ADF8020010F5004F04BF11
:109CC0000348ADF80200009802B070471AB6FFFFD3
:109CD0000180FFFF71B583B008B200F0A7F90190D1
:109CE000BDF90420BDF90C30BDF90600BDF90E1018
:109CF00013FB02F400FB1144E41304F30F04ADF86A
:109D00000040BDF900600B4CA64204BF0A4DADF8FF
:109D1000005013FB00F011FB0200C01300F30F0012
:109D2000ADF80200A04204BF0348ADF8020000985D
:109D300004B070BD0080FFFF0180FFFFF0B4B0F9F8
:109D40000430B0F91450B0F91660B0F906200024C0
:109D50004B43AAB1514382688F1806D5002AC8BF69
:109D6000002906DD6FF0004703E0002A44BF002908
:109D70000F4FC268BA4203DB0269BA42B8BF3A4623
:109D8000818BC78B0B4142FA07F1CB189D4206DA53
:109D9000EC1AA4182B46846018B2F0BC7047B3428A
:109DA000BCBFF41A3346A418846018B2F0BC7047E4
:109DB0000100008012B581B02DED028B82B00091C0
:109DC0000088BDF91640BDF9141008EE100A2046AF
:109DD00011FB01F110FB0010FEF7F6FB1B49486078
:109DE0000428D8BFB2EE040A28DD00EE900AB8EECF
:109DF000C80AF8EEE00A80EE200AF7EE000AB4EE98
:109E0000600AF1EE10FA19D5BDF9142001EE102AFE
:109E100000EE904AB8EEC11AF8EEE00A21EE001A00
:109E200060EE800ABDEEC11AFDEEE00A11EE102AC6
:109E300010EE903AADF80020ADF8023081ED000A46
:109E4000009802B0BDEC028B02B010BD38140020A7
:109E5000B0F91000704711B583B008B200F0E6F811
:109E60000190BDF90420BDF90C30BDF90610BDF913
:109E70000E0013FB02F410FB02F210FB014401FB85
:109E80001321E413C913ADF80040ADF80210009897
:109E900004B010BDF0B481B002B4BDF90010028E60
:109EA000B0F850504A43BDF9021005FB01F35B4284
:109EB0005B00D1189A1A01EBD17102EBD2724910F2
:109EC0005210AD0800293FD5002A14D58E1A7314FC
:109ED00006EB933605EBA64516140B1402EBD632AF
:109EE00001EBD33105EB6242A5EB614104240F463F
:109EF0002B46164666E01C14002B03EBD43611DC0F
:109F00009B1A591403EB913305EBA345131402EB91
:109F1000D33205EB6242A2EB664103240F4613469F
:109F20002E464FE0CB1A5A1403EB923305EBA345B0
:109F30000B1401EBD331A5EB614101EB6642022426
:109F400017460B462E463DE0002A13D48E1A731492
:109F500006EB933605EBA645161402EBD6320B142E
:109F600005EB624201EBD3310124A5EB61411746B9
:109F70002B4626E01C14002B03EBD43611DCCB1A45
:109F80005A1403EB923305EBA3450B1401EBD331C9
:109F9000A5EB614101EB664205242F460B461646B0
:109FA00010E09B1A591403EB913305EBA3451314EE
:109FB00002EBD33205EB62420024A2EB66412F464E
:109FC00013460E4680F83A408787C387A0F8406062
:109FD000002DD8BF00254586002AD8BF00228286E2
:109FE0000029D8BF0021C186B0F84E10012919D12F
:109FF000B0F94820B0F85410438E002ACCBFCB18DB
:10A000005B1A4386B0F94A20838E002ACCBFCB1856
:10A010005B1A8386B0F94C30C28E002BCCBF8918F6
:10A02000511AC186816902B0F0BC0847044A054B49
:10A030000549136000B2081850609068704700BF6F
:10A04000000C0240400060000000FF7F70B582B04D
:10A050000022ADF8002069467F4C804D204600F07C
:10A0600003F9D5F8B00000F0B5F905F1E400FEF70A
:10A0700099F8122800F2EE80DFE800F00A5B9625DE
:10A0800094B3C8D1E2E7ECECEC64707939454F0049
:10A09000734E304600F0DAF9002800F0DB80002132
:10A0A000304600F0D5F9FBF787FCA5F88400B5F839
:10A0B0008400FBF792FC0146A5F88610204600F0CC
:10A0C000C9F90321C2E0664C204600F0DFF928B947
:10A0D0000121204600F0BCF90121B7E0D5F8AC0021
:10A0E00000F0D6F9142000F0FDF91021AEE000F0E8
:10A0F000FFF9002800F0AE80D5F8AC00002100F098
:10A1000001FA1121A2E0D5F8AC00012100F0FAF922
:10A11000002800F09F80122198E0204600F012FAFB
:10A12000042105F1E400FEF73FF8012840F0928099
:10A130002FE0D5F8AC0000F0ABF9142000F0D2F914
:10A140000D2183E000F0D4F9002800F08380D5F8D9
:10A15000AC00002100F0D6F90E2177E0D5F8AC0074
:10A16000012100F0CFF9002874D00F216EE001200A
:10A1700085F824003B49D5F8900000F015FA3848DE
:10A1800000F014FA022105F1E400FEF70DF80128B1
:10A1900060D10020FDF770FFD5F8AC0000F02EFA7A
:10A1A00002B070BD052151E02D4800F075FA40B9AC
:10A1B000D5F8900000F08CFA00212982688202B064
:10A1C00070BDD5F8AC0000F0B9FAD5F890000121C7
:10A1D00000F0E6FAD5F89000214600F0E5F90721F5
:10A1E00034E0002000F0E0FA002000F0DFFA062161
:10A1F00005F1E400FDF7D8FFD5F8900000F0ECFA87
:10A20000D5F88C0000F0F0FA02B070BDD5F88C00E3
:10A2100000F0EAFA002000F0C9FA02B070BDD5F8EB
:10A22000AC0000F08BFA0020FDF726FFD5F8B00057
:10A2300000F011FB4FF4487000F01AFB082105E014
:10A2400000F01CFB30B1092100E0002105F1E40021
:10A25000FDF7AAFF02B070BD740200206C1100204F
:10A26000F00200203C0200202DE9F04381B0D0F83C
:10A2700020E090F87560DEF80C2052085200CEF80D
:10A280000C200022DEF82440B0F870C0A0F8702046
:10A290000023DEF80070002507F01007E20F1CBF56
:10A2A0006FF00108CEF81080DEF80C8048F001084D
:10A2B000CEF80C8002EB0C0E40F6010824F00044AE
:10A2C000C64524BF4FF0010980F879909444B0F856
:10A2D0006E2002FB0CFCB0F87220A21A102F08D1DD
:10A2E00000F1280790F87880A2EB0C0247F82820AC
:10A2F00006E000F1280E90F8787062444EF82720AE
:10A30000002E20DD00F12807EAB26D1C57F822204C
:10A31000EFB2B742134416DA00F128026D1C52F86E
:10A320002770FB18EFB2B7420DDA52F82770FB180E
:10A330006D1CEFB2B74206DA52F827706D1CFB189D
:10A34000EAB2B242DEDB426AB0F86E50534390F894
:10A350007520554393FBF5F20A8083898281D31AD5
:10A36000438200F1280290F8783052F82350B0F878
:10A370006C304278A0F872405D43B0F86E305543BF
:10A38000C26995FBF3F3458B534393FBF5F3C3810C
:10A3900090F87820521C80F8782090F8783090F867
:10A3A0007520934204BF002380F8783090F879201C
:10A3B00042B10021C27880F876100270084601B0E0
:10A3C000BDE8F08300F064FA0146084601B0BDE83C
:10A3D000F0830000F0B5044681B0D4F80C01B0F968
:10A3E0000E10B0F90C30B0F91620B0F9180011FBBE
:10A3F00000F6D4F8100113FB02F5FDF72BFCD4F89E
:10A400000871104A75197843E91305EB114580FB73
:10A41000021290112D1400EBD070454305EB450658
:10A420007600094D204601B086FB0535A91001EBE9
:10A43000D171CF1301EB1741BDE8F040091400F0D2
:10A4400053BA00BFB5814E1B67666666C07B704716
:10A45000C17370474378026A11FB03F35FEA010C92
:10A46000C180838004D54FF6FF73C1EB0141591AB7
:10A47000B0F86E00044B89B24143A1FB033C4FEAA4
:10A480004C01090C5162704701800080807B70474D
:10A49000C16ED0F86CC08968012380F842306FF03B
:10A4A0000102DCF808301A6100224A6300238B6342
:10A4B000CA630A69D307FCD54A6C42F400424A6475
:10A4C000C26E92F8261002290AD1118CD2689161CD
:10A4D000C26E518C12699161C16E888C4969886124
:10A4E000704700000149A1F8800070476C110020FE
:10A4F000034AB2F88010002001B90120704700BF64
:10A500006C11002030B504460025080081B008D148
:10A510002046FEF705F8B4F85200A4F8440070B9DC
:10A5200009E001290BD1B4F8440038B1401EA4F869
:10A53000440080B218B92169204688470125284681
:10A5400001B030BD70B490F875105FF0000231B307
:10A5500000F128030024D1B243F82140521C90F8A6
:10A560007550D6B2AE421AD2D1B243F82140521C35
:10A5700090F87550D6B2AE4211D2D1B243F8214014
:10A58000521C90F87550D6B2AE4208D2D1B243F800
:10A590002140521C90F87510D5B28D42D8D30122BB
:10A5A00080F8762070BC70474161704710B5044652
:10A5B00000226068002100F0C7F9B4F91410606847
:10A5C00000F004FA2068002100F0EAF82068002278
:10A5D000002100F003FAE28AB4F91210206800F0BA
:10A5E000FDF9E18A208A044A4143A1FB02235A0A69
:10A5F000521CA28110BD00BF986E128370B4C26E4F
:10A600009568012180F86A100022B0F8641080F883
:10A61000422049086963B0F864104908A963B0F89A
:10A6200064104908E963B0F86410491F29646FF0A9
:10A63000010129612B69DA07FCD529616A6C42F4B2
:10A6400080626A646A6C42F400426A64C36E93F882
:10A650002620022A19D11A8CDE682B6A40F2555442
:10A66000234209D0B261C36E5A8C1B699A61C26ED3
:10A67000908C5269906108E0B262C36E5A8C1B697B
:10A680009A62C26E908C526990622961E86840F0CB
:10A690000100E86070BC704730B5044681B0A08905
:10A6A000012588B1401EA08180B260B9B4F91400C0
:10A6B000217E90FBF1F1A06809B2FFF7CBFEA573F4
:10A6C000284601B030BD0025284601B030BD00004D
:10A6D000F0B5044681B0207800280CBFA5686568F5
:10A6E000E268022A03D3A1694D19521E05E0012A2E
:10A6F00004D1B4F902502D040022E260E91305EB05
:10A7000011463614012813D10B4F06EB46014900C0
:10A7100039806069FDF74EFF00EB40014900798008
:10A72000361A206931B2FFF709FB65600646350429
:10A73000A560304601B0F0BD50140020C16E89689C
:10A74000CA6852085200CA60002390F8692080F855
:10A750004230012A17D04A6C22F480624A644A6C63
:10A7600022F400424A64C36E93F82620022A0AD1DA
:10A770001A8CDB689A62C36E5A8C1B699A62C36E2C
:10A780009A8C5B699A626FF001020A61D1F810C07D
:10A790005FEACC73FAD50A61002180F86A1070472D
:10A7A00001700021C16070477047000010B526237A
:10A7B000084A13FB00F3D41894F8241041B902EBB3
:10A7C0008002D2F89000FFF783FFE083E08B2082C5
:10A7D00010BD00BF6C11002010B504466069FDF784
:10A7E000E9FE0004606010BD10B5040032D0207E88
:10A7F00001282FD1227B0020012A04D011D3032A63
:10A800001DD011D30DE0A068002180F82410012193
:10A810006068FFF7C5FFE28AB4F90E10606800F0C7
:10A82000DDF8A8B1022014E0A068002180F824100F
:10A830006068FFF7B5FFE28AB4F91010EEE7A06890
:10A84000012280F82420D4F812100161022000E0D7
:10A850000320207610BD10B504464FF48071FEF73A
:10A8600049FD0022A4F80021A4F8022110BD000037
:10A870000149A1F8820070476C110020034AB2F828
:10A880008210002001B90120704700BF6C11002028
:10A89000F0B400240122095FC37805780E0048BF98
:10A8A0004942878A8EB2B74238BF0124C68A89B22C
:10A8B000B14238BF0124B0F912100E0048BF49421E
:10A8C000068B89B28E4200D31CB19D4204DA6D1C06
:10A8D00002E09D42B8BF0025E9B2994208BF0022BC
:10A8E00005701046F0BC7047F0B402460023B2F881
:10A8F000004122F81410B2F80001A2F80201B2F8E7
:10A900000001401CA2F8000180B2802828BFA2F8F4
:10A91000003114465FF0200034F9025B34F9027B09
:10A9200034F9026B5B19DB199D1934F9023BEB1802
:10A93000401EF1D1981103EB5063DB11A2F80431F2
:10A940000846F0BC70470000134690F82C20002AFF
:10A9500000D07047F0B41A0012D1458BC2698181D2
:10A9600005EB850402FB01F364004278418593FB0B
:10A97000F4F313FB02F20023C2810385F0BC70479D
:10A98000828E114CB0F90E605343A3FB04456C0A50
:10A99000C2694578641C048502FB01F3428B418542
:10A9A00002EB82077F0093FBF7F796FBF5F33FB2CC
:10A9B0001BB2FF1A3F04A4B297FBF4F255433604CE
:10A9C00005624662F0BC7047986E12834278018639
:10A9D00091FBF2F2C2808180704700002DE9F041C6
:10A9E00005460C46287817460126C8B9284600F0C7
:10A9F00043F8E98CA142B8BF0026B5F928108C4273
:10AA000021DB310032D017BB2878270401280CBF86
:10AA10006F60AF600021E960A9613046BDE8F08158
:10AA20006868EA8BC11300EB11400014A242A4BF76
:10AA3000B5F924108C4206DB2B8C9C42BCBFB5F9C7
:10AA40002220A242DFDA00263046BDE8F0816C8089
:10AA5000A98B084A07FB01F8A8FB0223271A590A09
:10AA60003F04491C97FBF1F0E960A8613046BDE85E
:10AA7000F08100BF986E12838068C11300EB114013
:10AA80000014704700B54FF0A04081B04021016034
:10AA9000FEF7BCFF01B05DF804EB00F0DDB86749DC
:10AAA00067486FF001020A6000F0ECB810B5634C23
:10AAB0002068020605D56FF080012160604800F033
:10AAC000F5F82068C10505D56FF4807020605C48FA
:10AAD00000F0F9F8BDE8104000F00CB910B5594C81
:10AAE000206AC168CA0708D50169CA0705D56FF091
:10AAF00001010161204600F023F9206A02699102F8
:10AB00000CD551490A78521C0A70D2B2032A02DDD0
:10AB100001238B704B716FF40011016102695102C6
:10AB200006D5494901230B714B716FF48001016116
:10AB30000269110206D544490123CB704B716FF4B1
:10AB40000001016110BD10B5404CD4F82001C1696D
:10AB50008A060ED5416AC9B2204600F0F9F800888D
:10AB6000012802D100F05EF903E0022808BF00F0DE
:10AB70005FF9D4F82001C069000644BF204600F008
:10AB80005DF9D4F82001C06900070AD5204600F01D
:10AB900087F9D4F8201108200862BDE8104000F0C1
:10ABA00047B910BD10B500F087F9284C04E0022821
:10ABB00008BF00F03DF900BFD4F82001C0690007CC
:10ABC00008D5204600F06CF9D4F820010821016274
:10ABD00000F02EF9D4F82001C069000644BF2046D9
:10ABE00000F02CF9D4F82001C1698906E4D5416A46
:10ABF000C9B2204600F0ACF800880128D7D100F097
:10AC000011F9D9E710B5124C2078022805D100F0CF
:10AC100063F9F6F7ADFD002121702078401C20700B
:10AC2000BDE8104000F060B90A4801684A0504D543
:10AC30004FF48061016000F06BB97047102C014047
:10AC4000CC01002074020020B010002094040020E9
:10AC5000FA0C00201404014030B5094C0546D4F824
:10AC6000CC0081B0FEF779FBA84206D1D4F8CC0025
:10AC700001B0BDE83040FDF761BA01B030BD00BFA2
:10AC80005812002030B4C56E2C68AA686968AB6998
:10AC9000E3644630ED69CD64536803490B4043F0EB
:10ACA0007003536030BC70478FFFFFFDC16E8A6830
:10ACB000516C41F480615164012280F8682080F871
:10ACC00069204630704790F86910002902BFC16EB4
:10ACD00091F82620022A08D1CA680B8C93620A696F
:10ACE0004B8C93628B8C49698B62012280F86720C0
:10ACF0004630704710B5114C94F87C0001281BD1E8
:10AD0000B4F87E0018B1B4F87E10481E02E0FFF7D8
:10AD10009DF90120A4F87E00B4F8800020B1B4F8B9
:10AD20008010481EA4F88000B4F8820020B1B4F866
:10AD30008210481EA4F8820010BD00BF6C110020D4
:10AD4000B0F87010491CA0F8701000207047000087
:10AD500030B5054681B095F81C012F4C002858D01D
:10AD600095F81D01020002D0012806D016E085F8F2
:10AD700099102A4C298A698218E085F89A1095F86A
:10AD80001D0195F89A10401C802985F81D0140DBB3
:10AD9000002085F81D0101B0204630BD95F89A309D
:10ADA0009B1C98420ADA05F19902115495F81D018D
:10ADB000401C85F81D0101B0204630BD85F81B11EF
:10ADC0000020D5F82011164C6882086820F0200079
:10ADD0000860002185F81C1105F1990000F0A4F825
:10ADE00095F81B1188420BD195F89A3095F8991077
:10ADF000286805F19B02AD68A847204601B030BD28
:10AE00000A208DF8000001236A46FF21284600F041
:10AE1000B9F8204601B030BD0E32000810320008EB
:10AE20001232000801484F2141807047F40C002085
:10AE30000148002141807047F40C0020014691F840
:10AE4000970060B391F89800020002D0012802D068
:10AE500003E0087D0AE0487D08E04B7D9B1C98429A
:10AE6000BABF01F11402105C91F89600D1F82021CC
:10AE700090624A7D91F89830921C934203DA5B1CF1
:10AE800081F898307047D1F82021106820F08000B8
:10AE90001060002281F897200868496808477047C9
:10AEA00000B581B008218DF8001001236A46FF210A
:10AEB00000F068F801B000BD10B5064CD4F8AC0045
:10AEC000FFF73CFC04F1E400BDE8104000228021C3
:10AED000FDF755BB6C110020024A116890684118BB
:10AEE00011607047DC050020084991F87C000028BB
:10AEF00000D1704700B581B0FFF7FCFE00F084F888
:10AF000001B05DF804EB00F091B800BF6C110020B7
:10AF100000B581B0FAF706FE20B101B05DF804EB90
:10AF2000FCF77EBE01B000BDF0B4002130B3417823
:10AF3000027852180023F1B1841CD9B25B1C655C05
:10AF400041785219DFB28F4215D2851CDCB25B1CEE
:10AF50002C5DDFB28F4222440DD2DCB25B1C2C5D33
:10AF6000DFB28F42224406D2DCB25B1C2C5DDEB223
:10AF70008E422244E0D3110402EB1161F0BCC8B24E
:10AF800070470000F0B5044681B094F89700C0BB4C
:10AF9000180004F11605217563751DD013F0030028
:10AFA00000F0068012F8011B05F8011B401EF9D1C4
:10AFB0009B0811D012F8017B05F8017B5B1E12F88B
:10AFC000016B05F8016B12F8011B05F8011B12F863
:10AFD000010B05F8010BEDD104F11400FFF7A4FFFC
:10AFE000002184F8960084F898100120D4F82011EC
:10AFF00084F89700086840F08000086001B00220E3
:10B00000F0BD012001B0F0BD074890F87C10012987
:10B0100000D0704700B581B0002000F01DF801B0ED
:10B020005DF804EBFCF717BA6C1100200949088899
:10B0300010B10B885A1E0A804888022802D34A8819
:10B04000501E48808888022802D38A88501E888033
:10B05000704700BFF40C00202DE9F0430446284857
:10B06000DFF8A090008881B0A046ADF8000009EBA1
:10B070008805D5F8A80000F047F807463DF8180005
:10B080000740D5F8AC0000F05BF840EA0706200066
:10B0900007D1BDF80070D9F8A40000F053F80740BC
:10B0A0003E4308EB480009EB4007F04382B23146CB
:10B0B00007F1E400FDF763FA07F1E400FDF772F829
:10B0C0000A2808D00B2804BFD5F8AC00FDF728FAF1
:10B0D00001B0BDE8F083D5F8A00010B10021FFF762
:10B0E000B7F9D5F8AC00FDF71BFA2046FCF7C4FF12
:10B0F000D5F8B000FFF7AFFB01B0BDE8F08300BFAB
:10B100003E5A00086C11002010B504462078A0B902
:10B1100094F82600FCF7FEF84FF6FF71884207D03E
:10B12000238B228A591E02FB0100B0FBF3F0208220
:10B13000204600F057F8E08210BD0020E08210BDEC
:10B14000C1690847F0B5044681B094F82600FCF7C1
:10B15000E1F84FF6FF71884202463DD0236A94F829
:10B16000250023F810200025208B0027060025D07D
:10B1700010F0030100F008805FFA87FC33F81CC070
:10B180007F1C491E6544F7D1800817D0F9B233F807
:10B1900011107F1C69185FFA87FE33F81E5029448E
:10B1A0007F1CFDB233F815507F1C29445FFA87FCE1
:10B1B00033F81C504D197F1C401EE7D1A280B5FB0F
:10B1C000F6F0218B94F82520E080491E8A42B4BF16
:10B1D000521C002284F82520204600F010F820811F
:10B1E00001B0F0BD018A428B8A4201D2082070472B
:10B1F000828B914201D200207047C08A7047C1887B
:10B20000428B8A4201D202207047808B814201D258
:10B210000420704700207047F0B5044681B0E06E0E
:10B22000856806684768314A0020E065206684F832
:10B230006600296A2E480140296262602046FFF7B5
:10B24000DDF92C48696801407029FBD1B1682A48B2
:10B25000014041F00801B16004F16603B96808409B
:10B2600040F00800B86004F13801E06E90F8272043
:10B27000284600F047F82046FFF760FAE06D1F49C6
:10B280001F4A61600009E06505F11801206EA261A6
:10B2900000092066086820F008000860081D0B6897
:10B2A00023F400630B60026822F008020260B4F825
:10B2B00064306B63B4F86420AA63B4F86460EE632E
:10B2C0000B6843F008030B600A6842F400620A60EE
:10B2D000016841F00801016040F255502A6A0243BA
:10B2E0002A62002184F8691001B0F0BD1F840008B3
:10B2F000AAFAFFFF70000002C0FFFF7F45B30008FD
:10B3000031B50008F0B40468521C04F06004602CED
:10B3100018BF52086FF00204046100251E78102E39
:10B320000DD20769BE07F9D56D1CAFB2B7EB421F4E
:10B330000461F3DB1E78102EF0D201200880F0BCEF
:10B340007047000070B4C26E9668146853687568E0
:10B35000174A15407560D4F88040C26D154DA4B2EF
:10B36000A41AAC42B8BF2C4604DBB4F5004FA8BF0A
:10B3700047F6FF74D3F88030026E9BB29B1AAB4243
:10B38000B8BF2B4604DBB3F5004FA8BF47F6FF73E9
:10B390004B800C80A0F848404B88A0F84A30B1F9A7
:10B3A000002049885242521AA0F84C2070BC7047C5
:10B3B0008FFFFFFD0180FFFF70B50646002296F863
:10B3C0003010104C104DFDF7A9FCA16800B22940C7
:10B3D00000F500400843A0600022206840F0010012
:10B3E0002060304696F83110FDF798FC616900B294
:10B3F0000D4000F5004005436561206840F0020003
:10B40000206070BD040800500F00FFFF2020F6F7F9
:10B4100037B900B581B00948F7F791FF01B05DF881
:10B4200004EB0748F7F78BBF0648F7F788BF0648D5
:10B43000F7F7E1BB0448F7F7DEBB00004C0F002034
:10B440004C100020CC0F0020D40D002030B400247C
:10B4500012E050F8043BDA0744BF4B445B1E091F5F
:10B46000042943F8044BFAD21A468D0744BF1C80C6
:10B47000921CCB0748BF147050F8041B0029E8D178
:10B4800030BC70470000005000010050002C01400B
:10B49000000000000000000000000000800E00001E
:10B4A0008010000000000000000001010101010007
:10B4B0000548D0F8802042F47002C0F880204FF098
:10B4C000006101607047000008ED00E0000000002E
:10B4D00000000000010203040607080910B5034A32
:10B4E0007A440832024C7C44A41D03E08C00000026
:10B4F000A800000004E01168101D114488470246AE
:10B50000A242F8D110BD0146002091F86820012A1E
:10B5100003D10022022081F8682091F86720012AD7
:10B5200004D1002240F0400081F8672070470000FD
:10B53000C16E8968438E4B63828E8A63C08EC863F6
:10B54000496803480140481E8041C043C00F70470E
:10B55000700000024EF68851CEF20001086840F4F7
:10B5600070000860BFF34F8FBFF36F8F4FF0017013
:10B57000E1EE100A70470000D5FEFFFF64070000EF
:10B58000FC0C002000000000335EFFFF6C02000096
:10B590005E0F0000000000205354204D4320534410
:10B5A0004B095665722E352E342E370000000000F0
:10B5B000000000000000000000F00DF8002801D09D
:10B5C000FFF78CFFAFF300800020AFF30080F4F7AB
:10B5D00003FE00F002F80120704700F001B80000FF
:10B5E0000746384600F002F8FBE7000080B5AFF3ED
:10B5F0000080024A11001820ABBEFBE726000200C3
:10B600000548014603B4684680F30988AFF300801B
:10B61000FFF7A0FFFFF7D0FFA5EDF5FE0448026895
:10B6200042F001020260016841F48031016070471C
:10B63000000800500148804701480047B1B40008A5
:10B6400001B600080000000001020304084480F86D
:10B6500030207047084490F83000704700EB4100FC
:10B6600042867047002180F81C117047FCF77ABFB2
:10B67000FCF778BFFFF7FEBFFFF7FEBFFFF7FEBF87
:10B68000FFF7FEBFFFF7FEBFFFF7FEBFFFF7FEBFEE
:10B69000FFF7FEBFFFF7FEBFFFF7FEBFFFF7FEBFDE
:10B6A000FFF7FEBFFFF7FEBFFFF7FEBFFFF7FEBFCE
:10B6B000FFF7FEBFFFF7FEBFFFF7FEBFFFF7FEBFBE
:10B6C000FFF7FEBFFFF7FEBFFFF7FEBFFFF7FEBFAE
:10B6D000FFF7FEBFFFF7FEBFFFF7FEBFFFF7FEBF9E
:10B6E000FFF7FEBFFFF7FEBFFFF7FEBFFFF7FEBF8E
:10B6F000FFF7FEBFFFF7FEBFFFF7FEBFFFF7FEBF7E
:10B70000FFF7FEBFFFF7FEBFFFF7FEBFFFF7FEBF6D
:10B71000FFF7FEBFFFF7FEBFFFF7FEBFFFF7FEBF5D
:10B72000FFF7FEBFFFF7FEBFFFF7FEBFFFF7FEBF4D
:10B73000FFF7FEBFFFF7FEBFFFF7FEBFFFF7FEBF3D
:10B74000FFF7FEBFFFF7FEBFFFF7FEBFFFF7FEBF2D
:10B75000FFF7FEBFFFF7FEBFFFF7FEBFFFF7FEBF1D
:10B76000FFF7FEBFFFF7FEBFFFF7FEBFFFF7FEBF0D
:10B77000FFF7FEBFFFF7FEBFFFF7FEBFFFF7FEBFFD
:10B78000FFF7FEBFFFF7FEBFFFF7FEBFFFF7FEBFED
:10B79000FFF7FEBFFFF7FEBFFFF7FEBFFFF7FEBFDD
:10B7A000FFF7FEBFFFF7FEBFFFF7FEBFFFF7FEBFCD
:10B7B000FFF7FEBFFFF7FEBFFFF7FEBFFFF7FEBFBD
:10B7C000FFF7FEBFFFF7FEBFFFF7FEBFFFF7FEBFAD
:10B7D000FFF7FEBFFFF7FEBFFFF7FEBFFFF7FEBF9D
:10B7E000FFF7FEBFFFF7FEBFFFF7FEBFFFF7FEBF8D
:10B7F000FFF7FEBFFFF7FEBFF2F600017401DFB0F6
:10B80000090B840110271917B410A88B0000587475
:10B81000FFEA2216DD0001000408000A338001E877
:10B820000C1E101009C0FF1F004000E0FF7F0180C8
:10B8300008B002400E000E2CF31923082CF10B0166
:10B840002002E80341032DB005BFFCF1140FEB010A
:10B8500038101745B300083DA70008FDA5000819DA
:10B86000B2000891A4000831B500080704E161F3B3
:10B870000D09E673900768420000FF002A002A279E
:10B880004334210D1384B45012051FD10112BD9A07
:10B89000F00504FFFF10270000015DF00212E8032D
:10B8A000FA0038F33640000153E803F8F0010310C2
:10B8B000000C541001E8035C71126493F103B29B15
:10B8C0002B020A9101937B03172250381204046063
:10B8D0000A06008D78F05B00002C14002020100375
:10B8E0004DB600085504125D0410034B2400081DDA
:10B8F00008F00338B9B3000800013201B8F30510AD
:10B900002752F0841BFF7F9879FF7F867E927DA36C
:10B910007CB97BD47AF479197943787177A376D995
:10B9200075137551749373D87221726D71BD700F58
:10B9300070656FBE6E196E786DD96C3D6CA36B0C23
:10B940006B786AE6695669C8683D68B4672D67A870
:10B95000662566A3652465A7642B64B1633963C358
:10B96000624E62DB616961F9608B601E60B25F48A4
:10B970005FDF5E775E115EAC5D485DE65C845C24F3
:10B980005CC55B685B0B5BAF5A555AEEF3FF3F003B
:10B9900001F10001FF10380120034B7000846A1090
:10B9A000D8180B24F4004CBE0000F7BA000095B87C
:10B9B000DA1801B60000881C010040B18B04101792
:10B9C000AE00003AAC0000AFA900001FA700008A3B
:10B9D000A40000F2A10000579F2410139C00001A3D
:10B9E0009A000079970000D89400003792000097E1
:10B9F0008F48100F8C00005A8A0000BE8700002676
:10BA00008500009182651C13800000737D0000EBAF
:10BA10007A000069780000EC7500007673EF03107F
:10BA2000037100009C6E64100B6C0000E069000064
:10BA30008D6700004265301003630000C660901CF3
:10BA4000035E00006C5C2C0319281C0837580000AA
:10BA50002A56000027544803100F5200003C5000A3
:10BA600000544E0000774C0000A24A841C0E48008F
:10BA700000174700005F450000B04300000BA4041E
:10BA8000166F0E1008DC3E0000533D0000D23B98BC
:10BA9000123A8410033800008537481C0336000032
:10BAA000D134B0041A335A16320C1C16310000CCB3
:10BAB0002F00009E2E0000782D0000592C00004120
:10BAC0002B000031E504172729271C022800002835
:10BAD0004C0310043226000043254C12247C1C0623
:10BAE0002300009A220000C2FC0416F1561224041E
:10BAF000135E1FD41DCF0513DF1D30110410077511
:10BB00001C0000C71B00001D0413781AA81D39046F
:10BB1000123B041003A31800000F04177F175416DC
:10BB2000161811041003E4150000620413E4141045
:10BB300011041003F11300007C04120B0410039C89
:10BB400012000030041003C7110000610416FEC18A
:10BB5000129D04123E041003E20F0000880412310B
:10BB6000041EDC2F0612890412380413E90D381163
:10BB7000041252041209041EC1EA04127C04123891
:10BB8000041003F70B0000B604127804123A041EE6
:10BB9000FFBF0612C504128C04125504121F041EA6
:10BBA000EAFB0612B6041284041253041224041E83
:10BBB000F5A20412C804129B041270041245041268
:10BBC0001C0417F40740110412A604128004125B2F
:10BBD00004131ECF0C16CC541C07CA0000B1C800B9
:10BBE00000BCC69C06180AC40000B8C20000AAC067
:10BBF000000093781F75BC2905197C1A247C4BF230
:10BC0000B57C1A7B7C180338AF0000F07C13A3AA24
:10BC10007C12A8A01EA573071802A300004F80186D
:10BC200003F39E000096801A38801AD8801B7995FD
:10BC30008C1403930000BB9080168ECC198413A73C
:10BC4000892C198413FA843819841A59841B0E7E9E
:10BC500058127BD01806790000467700000D881C2A
:10BC600003D9720000AB15031A83881A61881C047B
:10BC7000456A00002F682503180366000018645405
:10BC80001662BC198C1A2A8C1A3E8C1A5A8C1A7D90
:10BC90008C1AA88C1ADB8C1408155300005651001E
:10BCA00000A04FB018024D000049901AAA90180346
:10BCB0001249000082901AF990137844C019901824
:10BCC000038C41000022941ABE941A6294170D3C12
:10BCD000101994137839CC19981AFF941803CD359C
:10BCE0000000A1981A7C981A5D981A44981F323067
:10BCF0004C03199C1A1F9C1A1F9C1A249C1A2F9CD7
:10BD00001A409C1A569C1A729C1A929C1AB89C1A39
:10BD1000E39C1213041A48A01A81A01ABFA01201B2
:10BD2000041A48A41A94A01AE3A01237041A8EA485
:10BD30001AEAA01249041AACA41213041A7EA41A17
:10BD4000ECA4125D041AD2A4124A041AC5A4124328
:10BD5000041AC4A81249041AD0A8125A041AE6A850
:10BD60001276041208041A9CAC1233041ACDA812DD
:10BD700069041207041AA7AC124A041AEEAC129511
:10BD800004123E041AE9AC1296041244041AF5ACEB
:10BD900012A704125B041211041AC8B01281041213
:10BDA0003C041AF8AC12B6041275041236041AF7E1
:10BDB000B012BB041280045E45AE072DBC04120213
:10BDC000042D71072D64072DA80712060419773D6D
:10BDD00045072DB6092D920919DB3DE10711473DB5
:10BDE0004A09116B3DFC04118F12009F1200AB1227
:10BDF00000BB1200C71200D71200E31200EF2E00A2
:10BE0000E007150716001316001B1600272E00A6C4
:10BE100009153B3D41052DEF081557160063160027
:10BE20006B16007316007F2E006F07158F16009794
:10BE30003D200915A71600AF1600B71600BF160063
:10BE4000C71600CF1600D71600DF1600E71600EF62
:10BE50001600F71600FF1E009B041A000B1A0013B1
:10BE60001A001B1E00B7041A00271A002F1A0037E9
:10BE70003D06072DE505194B1A00531E00EB041A69
:10BE8000005F1A00671300460419731E000B051AA1
:10BE9000007F1A008713004B0419931A009B1E00A1
:10BEA0002F051A00A71E003B051A00B31E00470508
:10BEB0001A00BF1A00C71300550419D31300570402
:10BEC00019DF130059042D9F071DB7081A00F71337
:10BED000005D041D030313005F041D0F03130061C5
:10BEE000041D1B032DAB051D26092F0000B7051DE2
:10BEF00033031E00C3051E003F031E00CF051E00B6
:10BF00004B0313006B041D570313006D041D6303E3
:10BF100013006F041D6F031E00FB051E007B031E34
:10BF2000000706130074041D8B03130076041D978D
:10BF3000031E0023061E00A3031E002F061E00AFD3
:10BF40000313007C041D3F061E00BF0313007F0483
:10BF50001DCB03130081042D5B061283041DE30334
:10BF60001E006B06130086041DF303130088041DD6
:10BF7000FF031E0087061E00A60B1E000F04130001
:10BF80008D041D1B041E00A3061E00270413009130
:10BF9000041DB3061E0037041E00BF0640010095B5
:07BFA000000100012700026F
:040000050800B60138
:00000001FF
