:020000040800F2
:100000008818002041D3000881D30008B1C8000837
:1000100085D3000889D300088DD3000800000000B4
:1000200000000000000000000000000091D3000864
:1000300095D300080000000099D3000811C90008FA
:100040009DD30008A1D30008A5D30008A9D30008B8
:10005000ADD30008B1D30008B5D30008B9D3000868
:10006000BDD30008C1D30008C5D30008C9D3000818
:10007000CDD30008D1D30008D5D30008D9D30008C8
:10008000DDD30008E1D3000891C70008E5D30008DC
:10009000E9D30008EDD30008F1D3000819D1000816
:1000A000B9C70008ABC700081FD10008F5D3000886
:1000B000E9C70008F9D30008FDD3000801D40008FF
:1000C00005D4000809D400080DD4000811D4000894
:1000D00015D4000853C8000819D400081DD400081E
:1000E00035C9000821D4000825D4000829D4000807
:1000F0002DD4000831D4000835D4000839D40008C4
:100100003DD4000841D4000845D4000849D4000873
:100110004DD4000851D4000855D4000835D100084A
:1001200059D400085DD4000861D4000865D40008E3
:1001300069D400086DD4000871D4000875D4000893
:1001400079D400087DD4000881D4000885D4000843
:1001500089D400088DD4000891D4000895D40008F3
:1001600099D400089DD40008A1D40008A5D40008A3
:10017000A9D40008ADD40008B1D40008B5D4000853
:10018000B9D40008BDD40008C1D40008C5D4000803
:10019000C9D40008000000003BD1000841D100088C
:1001A000CDD40008D1D40008D5D40008D9D4000893
:1001B000DDD40008E1D40008E5D40008E9D4000843
:1001C000EDD40008F1D40008F5D40008F9D40008F3
:1001D000FDD4000801D500082DE9F14F88B00020BA
:1001E00002900190002401F079FD002618B10E2044
:1001F00009B0BDE8F08F01F0D3FCDFF84C0CDFF85C
:100200004C2C012141704FF6FF70118881420FBFC5
:100210004FF480291068DFF8801C01EA40294FF66E
:10022000F0700146B1FBF9F109FB11094FEAD92938
:10023000DFF8641CDFF8107C4FF6FF75964633E05C
:1002400001EA48281DE04FF6F0721346B3FBF0F3C5
:1002500000FB1320C00A001D814530D2BEF800000B
:10026000A84208BF00200AD0DEF800801046BEF881
:10027000002001EA4823AA42B0FBF3F0E0D14FF49A
:1002800080284FEAC92208FB002808F100684FF4D3
:10029000807000BFC7F80880D8E90023401E08F12D
:1002A0000808F7D109F10109BEF80000A8420EBF05
:1002B0004FF48020DEF8000001EA4020C3E7394611
:1002C00000204870BEF80000A8420FBF4FF4802005
:1002D000DEF80010DFF8C00B00EA41201146B1FB48
:1002E000F0F100FB11224FEAD22A00210020A4469F
:1002F0004FF0FF3B60E000BF4FF6F0731C46B4FBCD
:10030000F2F402FB1432D20A121D924563D2BEF8F7
:1003100000304FF6FF72934208BF4FF000090DD036
:10032000DEF80040DFF8705B4FF6F07305EA442515
:10033000B3FBF5F9BEF80030934203D14FF48022AD
:1003400004E000BFDFF8502B02EA44224FEACA2340
:1003500002FB093909F1006909F10807D9E90045EB
:10036000CDE90645D7E90023CDE9042309F11005BD
:1003700009F11809D5E90023D9E90089D94508BF51
:10038000D84517D15B4508BF5A4505D000B9564638
:10039000D446401C0EE000BFDDE904455D4508BFC2
:1003A0005C4505D1DDE906455D4508BF5C4501D0EA
:1003B00011F101010AF1010ABEF800304FF6FF7297
:1003C00093420FBF4FF48022DEF80030DFF8C82AD6
:1003D00002EA432290E70029CDF800C040F0928065
:1003E000002800F09E80DFF864CABCF800004FF6D9
:1003F000FF7A50454FF4802E02D17046714610E0CE
:10040000BCF80010DCF80020DFF88C0A514500EA47
:10041000422002D17146002212E0DFF87C1A01EA84
:100420004221BCF80020524508BF00220CD01C46D7
:10043000DCF80030DFF8602A02EA4322B4FBF2F273
:10044000BCF80030534501D1734605E0DCF80040AC
:10045000DFF8443A03EA44234FF6F075A84641F624
:10046000F074B8FBF0F800FB1840A6EBD026284645
:10047000761EB0FBF1F006F0030601FB105106EB0F
:10048000D126F60203FB026606F1006606F10807B4
:10049000D6E90023D7E9000106F1100B1836DBE995
:1004A0000089D6E900234FF0FF30834208BF824223
:1004B00028D0BCF80060564508BF724606D0DCF86C
:1004C0000010DFF8D43903EA412201D1734601E07C
:1004D00003EA41232E460098B6FBF2F602FB1644CF
:1004E000A0EBD4202A46401CB2FBF3F200F003003C
:1004F00003FB1253012100EBD32001F0AFFA0028D7
:1005000040F09E84DFF8442910884FF6FF7188423E
:100510000FBF4FF480201168DFF87C0900EA41200A
:1005200004E009B0BDE8F04F00F092BC4FF6F07E59
:100530007146B1FBF0F100FB11EE4FEADE2E1746DB
:10054000DAE000BF4FF6F0784146B1FBF0F100FB76
:100550001180C00A001D864580F0418138884FF621
:10056000FF7A504508BF00240AD03A683D88DFF87A
:10057000280900EA42235545B8FBF3F440F0048013
:100580004FF4802002E000BF00EA42204FEACE2272
:1005900000FB042404F1006404F10805D4E900011F
:1005A000CDE90601D5E90023CDE9042304F11001CA
:1005B0001834D1E90001D4E900454FF0FF329542EB
:1005C00008BF944240F09680914208BF904240F0AC
:1005D0009180DDE904234FF0FF30834208BF82425F
:1005E00040F08880DDE90623834208BF824200F0A4
:1005F00081803A8852454FF4802104D03868DFF872
:10060000981801EA40214246B2FBF1F201FB128147
:10061000BEEBD12FDFF880584FF4802010D03988FE
:1006200051450EBF01463B6805EA43214346B3FBF3
:10063000F1F3AEF1020201FB1381B2EBD12F05D130
:100640003A88524565D1024601466EE039885145E7
:1006500002D1014602460BE03A883B68524505EA62
:10066000432103D1024600240DE000BF05EA4322E6
:100670003B88534508BF002408D03E68444605EA3D
:100680004623B4FBF3F43E88564501D1054602E00B
:100690003B6805EA4325434641F6F070B3FBF1F3AE
:1006A00001FB1301AEEBD1214046491EB0FBF2F035
:1006B00001F0030102FB108201EBD221C90205FB0C
:1006C000041404F1006404F10806D4E90023D6E917
:1006D000000104F110051834D5E90001D4E9002324
:1006E0004FF0FF34A34208BFA24203D1A14208BF8A
:1006F000A04263D10EF1010E38884FF6FF71884297
:100700000FBF4FF480203968DFF88C0700EA4120E2
:1007100018E739883A68514505EA422202D1014674
:1007200000260CE0396805EA41213B88534508BFA3
:10073000002607D03C6805EA4426B8FBF6F63B885D
:10074000534501D1054602E03C6805EA442543468D
:1007500041F6F070B3FBF2F302FB1302AEEBD222D0
:100760004046521CB0FBF1F002F0030201FB108185
:1007700002EBD122D20205FB062606F1006606F145
:100780000802D6E90001D2E9002306F11004183668
:10079000D4E90045D6E900894FF0FF36B14508BFDE
:1007A000B045A7D1B54208BFB442A3D1B34208BFF8
:1007B000B2429FD1B14208BFB0429BD1DFF8880658
:1007C00080F800E001220021002000F0A3FEB0F537
:1007D000807F18BF0C2040F03083012001904FF63D
:1007E000FF71388888420FBF4FF480203968DFF8E6
:1007F000A80600EA41204FF6F0763146B1FBF0F151
:1008000000FB1166DDF808C0DFF88CE6F60A4FF64B
:10081000FF743D464FF0FF3B56E02B680EEA432342
:100820000AE02B6852460EEA4323B2FBF3F22B8810
:10083000A342F2D14FF48023D14641F6F077B9FBC1
:10084000F0F900FB1970A6EBD020D046401CB8FB95
:10085000F1F800F0030001FB18A100EBD120C00269
:1008600003FB020303F1006303F1080AD3E900016B
:10087000CDE90401DAE90089CDE9028903F110012B
:100880001833D1E90001D3E90089D94508BFD8451B
:1008900019D1594508BF584515D1DDE9020159451F
:1008A00008BF58450FD1DDE90401594508BF584537
:1008B00040F00980BCF1000F40F0E081DFF88805CE
:1008C00006704FF0010C761C2888A0420EBF4FF432
:1008D000802028680EEA40204FF6F07A5146B1FB9E
:1008E000F0F100FB11A0C00A001D864280F0C48018
:1008F0002888A04208BF4FF0000905D02B680EEAF7
:100900004322BAFBF2F903D14FF4802002E000BF8A
:100910000EEA4320F10200FB091909F1006909F10F
:100920000807D9E90023D7E90001CDE9020109F15F
:10093000100209F11809D2E90023D9E90089D94543
:1009400008BFD845BFD15B450CBF5A450096BAD108
:10095000DDE902235B4508BF5A45B4D02B88A3428A
:100960000EBF4FF4802028680EEA40205146B1FBAC
:10097000F0F100FB11A0B6EBD02F0FD0A3420EBFB9
:100980004FF4802028680EEA40205246B2FBF0F275
:10099000B11E00FB12A0B1EBD02F05D1A34258D15C
:1009A0004FF48020014661E0A34203D14FF480213F
:1009B0000A460AE029680EEA412103D14FF4802259
:1009C00000200BE02A680EEA422208BF002009D06E
:1009D0002B6850460EEA4323B0FBF3F02B88A3426A
:1009E00040F003804FF4802302E02B680EEA43239B
:1009F000D14641F6F077B9FBF1F901FB1971A6EB8D
:100A0000D121D046491EB8FBF2F801F0030102FBE8
:100A100018A201EBD221C90203FB001000F1006A09
:100A20000AF10808DAE90023D8E900010AF11009FF
:100A30000AF1180AD9E90001DAE90089D94508BFA5
:100A4000D8457FF440AF594508BF58457FF432AFD1
:100A500039E729882A68A1420EEA422004D14FF4DE
:100A600080210022E3E600BF0EEA42212A88A2424A
:100A70007FF4D7AE0022DDE60099BCF1000F2FD144
:100A800028460288A24208BF4FF480221FBF026896
:100A90000EEA42220588A54202D14FF4802402E0EA
:100AA00000680EEA4024554641F6F073B5FBF2F5B6
:100AB00002FB1532A1EBD2215246491CB2FBF4F2E3
:100AC000DFF8840301F0030104FB12A401EBD4213D
:100AD00001700221007800F0C1FF002840F0B081D1
:100AE000DFF86443DFF8B0A32678DFF860830020E6
:100AF000608020212078616020258DF80000F602BA
:100B00004FF480274FF6FF7EB8F80000704508BF0D
:100B100000200BD0D8F80010B8F800304FF6F07075
:100B20000AEA41227345B0FBF2F001D1394601E0F7
:100B30000AEA412101FB0060281800F100605946D3
:100B4000D0E900238B4208BF5A4509D06088401C79
:100B50006080083560680830B5F5006F6060D3D3F9
:100B60009DF800C0574665464FF6F07B4FF4802E47
:100B70004FF6FF76C246894605E000BFB24841887D
:100B8000FC3141806546BAF80010B1420EBF704694
:100B9000DAF8000007EA40205946B1FBF0F100FB0B
:100BA00011B0BCEBD02F6DD0BAF80020B2420EBF0E
:100BB0007046DAF8000007EA40205A46B2FBF0F22D
:100BC000ACF1020100FB12B0B1EBD02F5AD0BAF851
:100BD0000000B04208BF70461FBFDAF8001007EAF5
:100BE0004120BAF80020B24202D1714602E000BFB3
:100BF00007EA41215B4641F6F072B3FBF0F300FBDC
:100C00001320ACEBD020401E00F003025846B0FB8E
:100C1000F1F001FB10B102EBD12CBAF80010B14297
:100C200008BF002409D0DAF80030BAF8000007EA5B
:100C30004322B042BBFBF2F402D1714602E000BF96
:100C400007EA43214FEACC2001FB040404F10064CD
:100C500004F10808D4E90023D8E9000104F11005E3
:100C60001834D5E90001D4E900454D4508BF4C458D
:100C700004D1494508BF48457FF480AF0A2009B038
:100C8000BDE8F08F5246314613888B4208BF70464C
:100C90001FBF106807EA402014888C4201D17346B8
:100CA00002E0166807EA4623DA469DF8006041F63E
:100CB000F074BAFBF0FA00FB1A40A6EBD0265846B7
:100CC0000446761CB4FBF3F406F0030603FB14039E
:100CD00006EBD32613888B4208BF002008D0D2F839
:100CE00000C0148807EA4C238C42B0FBF3F000D11B
:100CF0007346F10203FB001000F1006E5F46DFF85F
:100D000098914FF480284FF6FF7A144628E001218D
:100D1000304600F06BFF002843D12088504544D175
:100D2000404641463B4641F6F072B3FBF0F300FB10
:100D30001320A6EBD0263846761CB0FBF1F006F067
:100D4000030601FB107106EBD1262188514536D1EF
:100D5000002041464FEAC62E01FB00EE0EF1006E68
:100D6000AE4238D09DF820000028D0D04FF0110BB3
:100D70004FF4807C4FF0FF32DEE9000191420CBF5E
:100D800090424FF0100BBCF1010C0EF1080EF3D1A4
:100D9000BBF1100FC1D10121304600F027FF002820
:100DA000BBD0012009B0BDE8F08F228820685245F1
:100DB00009EA4020B5D0216809EA4121B2E721685B
:100DC0002288384609EA41235245B0FBF3F0C0D0EF
:100DD00009EA4121BEE700F03CFF019860BB1A4CD4
:100DE0006088B0F5FC7F27D2012000F062FA10F194
:100DF000010F25D0154B1988514508BF002108D097
:100E000039461F681E8809EA47255645B1FBF5F1AA
:100E100000D14546C00205FB0100616808180022A8
:100E2000002300F1006000F0DDFE48B96068083082
:100E300060606088401C6080002009B0BDE8F08FD1
:100E4000022009B0BDE8F08F00000020E075FF1F10
:100E50002DE9F04F81B0824600F040FF18B10E201E
:100E600001B0BDE8F08FDFF8A846DFF82C802188BC
:100E70004FF6FF794FF4802B49450EBF5E46206840
:100E800008EA40264FF6F0752846B0FBF6F006FB60
:100E90001056F60A14E000BF00FEFF012946B1FB20
:100EA000F0F100FB1150C00A001D864243D2BAF196
:100EB000000F0DD10121304600F098FEB8BB761C22
:100EC000218849450EBF5846226808EA4220E5E7D6
:100ED0002088484508BF4FF0000E07D021682288BF
:100EE00008EA41234A45B5FBF3FE01D1594601E02A
:100EF00008EA4121F00201FB0E0E11270EF1006EEF
:100F00004FF4807C4FF0FF32DEE9000191420CBFCC
:100F100090421027BCF1010C0EF1080EF4D1102FF5
:100F2000CDD10121304600F061FE0028C7D001205C
:100F300001B0BDE8F08F00F08CFE218849450EBF5E
:100F40005846206808EA40202A46B2FBF0F200FB2F
:100F500012500221C00A00F081FD18B1022001B038
:100F6000BDE8F08FDFF8EC0A0021418022884A4575
:100F70001CBF216808EA412B2A46B2FBFBF20BFB9F
:100F80001255ED0A202105704160002001B0BDE836
:100F9000F08F10B50C4682B001001CBF4FF6FF71F8
:100FA000884208D000220092694600F09FF800991C
:100FB000216002B010BD082002B010BD2DE9F04F35
:100FC000DFF84C75DFF8901A81B03A884FF6FF7B56
:100FD0004FF4802E5A450EBF7046386801EA402013
:100FE0004FF6F0763246B2FBF0F200FB1260C00A18
:100FF00000E050463B885B450EBF72463A6801EA06
:1010000042223346B3FBF2F302FB1362D20A121DF3
:10101000904266D23A885A4508BF002405D03D6800
:1010200001EA4523B6FBF3F400D17346C20203FB89
:10103000042404F1006404F1080AD4E90085DAE923
:10104000002304F110091834D9E90085D4E90023FC
:101050004FF0FF3400F1020AA34208BFA242C8D0F9
:1010600000F1010CD4452ED23A885A4508BF00261B
:1010700007D03D684FF6F07301EA4524B3FBF4F660
:1010800002D1734602E000BF01EA45234FEACC22B9
:1010900003FB062606F1006606F10802D6E9008584
:1010A000D2E9002306F110021836D2E90049D6E948
:1010B00000854FF0FF32954208BF904511D00CF1EA
:1010C000010CD445D0D3022100F090FD18B10120CD
:1010D00001B0BDE8F08F00F0BCFD002001B0BDE81C
:1010E000F08F052001B0BDE8F08F00002DE9F24F30
:1010F000064682B0002000F0DCF8054615F1010F2D
:1011000008BF032000F0D280DFF804C4BCF8000060
:101110004FF6FF79484508BF4FF0000E0DD0DCF8C0
:101120000020BCF80030DFF8A40A4FF6F07100EAA6
:1011300042244B45B1FBF4FE02D14FF4802001E084
:1011400000EA4220EA0200FB0E2E0EF1006E0EF1C4
:101150000803DEE90001D3E900480EF110020EF1A8
:101160001801D2E90023ADF800604FF0FF30D1E95B
:10117000006783465F4508BF864209D1834208BFA6
:10118000824205D1804508BF844200F08E8000BFB6
:10119000BDF80010029EDFF8387A0EF5FF6EFC20D5
:1011A000DEE900235B4508BF5A4502D094B28C4269
:1011B00004D0401EAEF1080EF2D10FE0BC6844F03E
:1011C0000104BC603B603A803C68A4B2B4EB124FAF
:1011D000EFD13360002003B0BDE8F08FADF8001010
:1011E0000296BCF800204A4508BF4FF4802006D084
:1011F000DCF80000DFF8D41901EA402002D14FF4F6
:10120000802103E0DCF8003001EA43214FF6F0735F
:1012100041F6F072B3FBF0F300FB1320A5EBD025F1
:101220004FF6F07002466D1EB2FBF1F205F00305B9
:1012300001FB120105EBD125BCF80010494508BFA0
:1012400000200BD0DCF80010BCF80020DFF87C494F
:1012500004EA41234A45B0FBF3F002D14FF4802E5B
:1012600001E004EA412EEA020EFB002E0EF1006EB0
:101270000EF10803DEE90001D3E900230EF11004AA
:101280000EF1180AD4E90001DAE900675F4508BFEA
:101290005E457FF47DAF594508BF58457FF478AF70
:1012A0005B4508BF5A457FF473AF072003B0BDE824
:1012B000F08F2DE9F14FDFF89C77954CDFF80CE9C2
:1012C00088B0387800904FF6FF7820884FF4802C53
:1012D000404508BF002609D0226823884FF6F070E9
:1012E0000EEA42214345B0FBF1F600D16146009879
:1012F000C00201FB060606F1006606F10801D6E908
:1013000000ABD1E90023CDE9042306F11000183623
:10131000D0E90001CDE902014FF0FF32D6E900012A
:1013200091420CBF9042042514D1DDE902019142A3
:101330000CBF904203250DD1DDE904234FF0FF30AF
:1013400083420CBF8242022504D183450ABF8245F5
:10135000012500252188414508BF604603D020684B
:101360000EEA402001D1614602E021680EEA4121E7
:101370004FF6F07B5A4641F6F07A009EB2FBF0F24F
:1013800000FB12A0A6EBD0265846761CB0FBF1F06D
:1013900006F0030601FB10B106EBD126218841457A
:1013A00008BF4FF0000907D0216822880EEA4123C8
:1013B0004245BBFBF3F901D1604601E00EEA412052
:1013C000F30200FB093909F10069D9E90001CDE90F
:1013D000060109F10800D0E90023CDE9042309F151
:1013E000100009F11809D0E90001CDE90201D9E99D
:1013F00000234FF0FF3083420CBF8242042018D1FB
:10140000DDE902014FF0FF3291420CBF9042032010
:101410000FD1DDE904234FF0FF3083420CBF82423D
:10142000022006D1DDE9062383420ABF8242012061
:1014300000202188414508BF624606D022680EEA96
:1014400042221CBF23680EEA432C5C4600999DF89B
:101450002030B4FBF2F402FB14AAA1EBDA215A46C5
:10146000491EB2FBFCF201F003010CFB12BB002B86
:1014700001EBDB2135D0022B3FD043D2022D15D119
:101480007968B1F5006F2ED3042803D1FFF796FDDC
:10149000002837D10098032100F0E0FA002831D16C
:1014A0000221304600F0DAFAA8B12BE0012D29D153
:1014B0007968B1F5006F16D3042802D1FFF77EFDDD
:1014C00000BB0098032100F0C9FAD8B901213046C9
:1014D00000F0C4FAB0B92020786009B03046BDE809
:1014E000F08F022D03D1009809B0BDE8F08F012DD7
:1014F00008D1084609B0BDE8F08F18B9304609B0E8
:10150000BDE8F08F4FF0FF3009B0BDE8F08F00006C
:10151000E075FF1F2DE9F74F84B000219DF81800FA
:10152000009100280CBF02200120FFF7C2FE0746F1
:1015300017F1010F08BF042000F03582DFF8140511
:10154000002141800770202141609DF8180030B9CA
:101550000121384600F082FA002840F01E82DFF8B0
:10156000744620884FF6FF75A84208BF4FF48020CC
:1015700007D022882068DFF8E014AA4201EA402060
:1015800002D14FF4802102E0236801EA43214FF6A3
:10159000F07341F6F072B3FBF0F300FB1320A7EBFE
:1015A000D0274FF6F07002467F1EB2FBF1F207F033
:1015B000030701FB120107EBD1272188A94208BFCD
:1015C0004FF0000E0AD002462168DFF88C0400EAD2
:1015D0004120B2FBF0FE2288AA4202D14FF48020C3
:1015E00003E0DFF8740400EA4120F90200FB0E1E5C
:1015F0000EF1006E0EF10806DEE90023D6E90001C7
:10160000CDE902010EF110020EF1180ED2E90089A7
:10161000DEE900234FF0FF304FF48026834208BFFD
:1016200082421AD10246814508BF904508D09DF8F4
:101630001800012800F0EE800A2007B0BDE8F08F06
:10164000DDE90201914208BF9042F5D004213846FD
:1016500000F004FA002840F0A0812088A84208BFCA
:10166000314607D023882168DFF8EC03AB4200EA5B
:10167000412101D1304602E0226800EA42204FF6C3
:10168000F07241F6F07AB2FBF1F201FB12A1A7EB86
:10169000D1274FF6F0710A467F1EB2FBF0F207F039
:1016A000030700FB121007EBD02701972088A84200
:1016B00008BF00270AD008462168DFF89C2302EA09
:1016C0004122B0FBF2F72088A84201D1304603E066
:1016D000DFF8840300EA41200199C90200FB0717E3
:1016E00007F1006707F1080CD7E90023DCE90001E6
:1016F00007F1100E1837DEE90089D7E900234FF013
:10170000FF30834208BF824227D1814508BF804510
:1017100000F07B802288AA4208BF00200AD02768F8
:101720002388CD494FF6F07001EA4722AB42B0FB67
:10173000F2F001D1314601E001EA4721019EF602B3
:1017400001FB00604FF0AA3200F100601346183030
:1017500000F048FA002840F02081019F4FF48026D5
:101760002188BD48A94208BF31461FBF226800EA50
:1017700042212388AB4201D1324601E000EA4222F5
:101780004FF6F073B3FBF1F301FB13A1A7EBD127E5
:101790004FF6F0710B467F1EB3FBF2F307F0030721
:1017A00002FB131207EBD2272288AA4208BF4FF090
:1017B000000C06D0D4F800C000EA4C23B1FBF3FCC7
:1017C00001D1304602E0216800EA4120F90200FB25
:1017D0000C1C0CF1006C0CF10808DCE90023D8E9C2
:1017E00000010CF1100E0CF1180CDEE90089DCE9A7
:1017F00000234FF0FF30834208BF8242B0D10197EF
:10180000814508BF80457FF485AF9DF81820012AE7
:1018100040F09A80DFF83CC2DFF83CE29CF80030F0
:101820004FF02009DA02B0462088A84208BF002005
:1018300009D0216827884FF6F0700EEA4126AF42A2
:10184000B0FBF6F002D1414602E000BF0EEA4121B2
:1018500001FB0020484400F100604FF0FF36D0E962
:101860000001B14208BFB0420ED0BCF80200401CDB
:10187000ACF8020009F10809DCF804000830B9F5F9
:10188000006FCCF80400CFD30422B3462088A842CE
:1018900008BF4FF480201FBF20680EEA4020218837
:1018A000A94202D14FF4802102E021680EEA4121D1
:1018B0004FF6F07741F6F076B7FBF0F700FB1760D4
:1018C000A3EBD0234FF6F07006465B1EB6FBF1F695
:1018D00003F0030301FB160103EBD1232188A94286
:1018E00008BF4FF0000807D027680EEA4726B0FB74
:1018F000F6F82088A84203D14FF4802102E000BF0F
:101900000EEA4721D80201FB080808F1006808F137
:10191000080AD8E90067DAE9000108F1100908F1BE
:101920001808D9E90001D8E900675F4508BF5E459E
:101930000AD1594508BF584506D0BCF80260FC36AC
:10194000521EACF80260A1D10599BDF8100000F05C
:101950002DF810BB3F4C6588032D12D3AD1E032D0F
:1019600016D2BDF81000854209D06946A8B2FFF72B
:10197000BDFB40B90099A8B200F018F898B96D1CE9
:10198000EDE70125EDE70728F9D007B0BDE8F08FB6
:101990002078022100F062F818B1022007B0BDE8FB
:1019A000F08F4FF4807007B0BDE8F08FF0B5294E8E
:1019B0000746708881B00D46B0F5FC7F28BF122025
:1019C00045D20120FFF775FC10F1010F08BF03207D
:1019D0003DD0804A13884FF6FF718B4208BF002428
:1019E0000BD0D2F800E012881B4B4FF6F07403EADC
:1019F0004E2C8A42B4FBFCF402D14FF4802301E068
:101A000003EA4E23C00203FB040000F10060002D36
:101A100004BF002F002408D06D4A916841F00101F5
:101A200091601560178014682404716844EA070205
:101A30002B46081800F0D6F810B1022001B0F0BD16
:101A40007068083070607088401C7080002001B0A1
:101A5000F0BD00000000002000FEFF012DE9F04F66
:101A6000DFF870E1594A81B0BEF800404FF6FF7CC4
:101A70004FF48023644508BF002508D0DEF80070CD
:101A80004FF6F07502EA4726B5FBF6F501D11F4681
:101A900001E002EA47270446E602BEF8000007FB21
:101AA000056505F10065604508BF00200BD0DEF834
:101AB0000070BEF800804FF6F07002EA4729E0455A
:101AC000B0FBF9F001D11F4601E002EA472707FB0E
:101AD000006000F10060BEF800700830674508BF84
:101AE00000270BD0DEF80080BEF800904FF6F077AC
:101AF00002EA482AE145B7FBFAF701D1984601E02E
:101B000002EA482808FB076707F10067BEF8008073
:101B10001037E04508BF4FF000080DD0DEF800B0E8
:101B2000BEF800904FF6F07802EA4B2AB8FBFAF8BC
:101B3000E14518BF02EA4B2303FB086606F1006685
:101B40001836491E032913D8DFE801F0020A161ED1
:101B50004FF0AA321346284600F044F8E0B905E0F9
:101B60004FF0AA32134600F03DF8A8B91A480470A5
:101B7000002001B0BDE8F08F4FF0AA32134638467E
:101B800000F030F840B9F3E74FF0AA321346304680
:101B900000F028F80028EBD0022001B0BDE8F08F5B
:101BA0000E4881B0016841F48051016048F205019E
:101BB000006800F480500090012200980848C1603D
:101BC000016862F3C401016001B0704700FEFF01CB
:101BD00000300240E075FF1F000000204810024066
:101BE000083002400146002000F0C6B8F0B585B0CC
:101BF0000024354A009405460E4610884FF6FF71C2
:101C0000884208BF00200BD0D2F800E02F4B4FF6DF
:101C1000F07003EA4E27B0FBF7F017888F4202D12D
:101C20004FF4802301E003EA4E23E90203FB001096
:101C300000F1006000F01FF80290019404960395F3
:101C4000694601A800F04EF900B10124204605B014
:101C5000F0BD1F48026822F480620260016841F40E
:101C600080510160026822F480520260016841F4F0
:101C700080610160704730B4164D134A2B68DC0553
:101C800013884FF6FF710CD48B4208BF124A05D05F
:101C900011680E4A02EA412202F1006290420CD21F
:101CA0000EE08B4208BF0C4A05D01168074A02EAD1
:101CB000412202F10062904202D230BC0220704701
:101CC00030BC012070470000E075FF1F00FEFF01DF
:101CD00000200240000001400000040800B58DB063
:101CE000FF2101910791684600F06AF906994802C0
:101CF0004CBF00200E200DB000BDF0B402461068AD
:101D000095681318506803EB5004C00748BF4D4452
:101D1000A3422DD013F8016B16F0030004BF13F893
:101D2000010BC01C31090F2907D113F8011B0F311A
:101D300003E013F8017B05F8017B401EF9D100296F
:101D4000E6D013F8010BC6F38107032F08BF13F881
:101D5000017B00EB0720404228440026B71E8F423B
:101D60001EBF10F8017B05F8017B761CF6D1CFE78A
:101D7000F0BC02F10C0070472DE9F043DFF84C7124
:101D800006463878002581B08846144699460128D1
:101D900008BF022029D0012038704FF47A7000F07B
:101DA00042F801001FD100207860224640464B4691
:101DB0001EB900F05BF801250AE0012E18BF022EC3
:101DC00006D1114600F062F8022E08BF4FF48025BC
:101DD0004FF47A7000F027F82DB1DFF8F420116885
:101DE00021EA0505156000223A7001B0BDE8F083D4
:101DF0003949CA680020002A09D5384B384A0B6097
:101E00000A60D1F80CC0BCF1000F48BF0120704738
:101E10002F4A116841F00041116001201268002A28
:101E200048BF0020704770B5054600F019FA064615
:101E3000284C2168C80306D500F012FA801B8542A1
:101E4000F7D2032070BD21684CF2FA30084006D06A
:101E50001E4A5168014351602060012070BD206816
:101E6000C10744BF01202060002070BDDFF860C0C2
:101E7000DCF8001041F00101CCF8001040F8042B10
:101E8000BFF36F8F0360704700000000F0B4104B89
:101E90001A6842F480221A60EFF3108372B610229F
:101EA00051F8047B40F8047B521E51F8046B40F853
:101EB000046B51F8045B40F8045B51F8044B40F8A4
:101EC000044BEDD183F31088F0BC7047F40500207B
:101ED00014200240102002400820024023016745E0
:101EE000AB89EFCD2DE9F047DFF844430746207872
:101EF0008846012808BF022060D0012020704FF4DE
:101F00007A70FFF790FF5FEA000954D10020DFF8F4
:101F1000246360603168880531680ED521F4007152
:101F200031603068410505D5306820F4806030604C
:101F300003210CE0012020770AE0480506D531682E
:101F400021F4806131600220207701E000212177B7
:101F5000386801280DD1786800F0FDF84FF47A70E8
:101F6000FFF761FF81467169DFF8CC0201407161C2
:101F70001FE04FF0FF31C8F80010BD68DFF8BCA2C9
:101F800000E06D1CB968F86841188D4211D279687B
:101F9000284600F000F94FF47A70FFF744FF7169AA
:101FA00081460AEA01015FEA09007161E9D0C8F8D7
:101FB000005000F012F9002020704846BDE8F0877C
:101FC000F0B4014606200860A24A4868002818BFFD
:101FD000012803D0022818BF042823D1CC68072386
:101FE0000B6028B9D06800F07F008860D06816E0E8
:101FF000012805D1106900F07F00886010690EE0AB
:10200000022805D1D06A00F07F008860D06A06E01F
:10201000042806D1106B00F07F008860106BC0F3BD
:102020000644CC60106800F0FF00AA281CBFCC2832
:10203000BB2008611068000A00028861C869012895
:1020400018BF02286AD10B687E4F7F4C43F008030B
:102050000B604FF6FF733E68F5050DD426884FF0F0
:1020600000659E4208BF794B13D02468784B03EA81
:10207000442303F100630CE025889D4208BF734DA3
:1020800005D02368724D05EA432505F100654FF040
:102090000063146866021FD400F00303012B0CD107
:1020A00054686D4B03EA041404F100640C629468F4
:1020B00003EA041303F100632AE0022B29D1546AD6
:1020C000654B03EA041404F100640C62946A03EAA9
:1020D000041303F100631BE000F00304012C0BD197
:1020E00054685E4B03EAC4042C190C62946803EA3A
:1020F000C403ED184D620CE0022C0AD1556A574C0E
:1021000004EAC5055D190D62956A04EAC5041B1948
:102110004B62936803F000431843C861086840F0BD
:1021200010000860106DCB6A00F480308862012BCB
:1021300018BF022B0DD1086840F020000860012B69
:1021400008BF106D02D0022B03D1506D00F0FF00CC
:102150000863F0BC70473A49CB685A0210D5C307F0
:1021600003D50A6842F004020A6082070ED50868A7
:1021700040F400400860086840F480300860704710
:102180000A6842F4004242F004020A60086840F41F
:102190008030086070472A4AD2F80CC05FEA4C23AE
:1021A00001D5CB0704D5116821F40061116003E06B
:1021B000136843F400631360C000116821F47E715A
:1021C00000F4FF6008431060116841F002011160E3
:1021D000106840F48030106070471548017F012975
:1021E00018BF03290ED1134A136843F40063136028
:1021F000D2F800C02CF4006CC2F800C0136843F49D
:1022000000731360022918BF03290CD109490A6819
:1022100042F480520A600B6823F480530B600A6812
:1022200042F480620A6000210177704700000000DC
:10223000F405002000200240FB7FFFFF05FCFFFFAC
:102240001420024000000140E075FF1F0000040858
:1022500000FEFF0120200240F0FF0700F8FF03000E
:1022600001480068704700BFE80500202DE9F04FE5
:102270009FB001F01DF800F001FF14210022684614
:1022800001F038F8DFF8E0BDDFF8E05DDBF84C0482
:10229000DFF8DC8DDFF8DC4DDFF8DC7D40F020007E
:1022A000CBF84C040122DBF84C0400F02000059030
:1022B0004FF400660599DBF84C0440F00400CBF8BD
:1022C0004C04DBF84C0400F0040005900599DBF8A1
:1022D0004C0440F00100CBF84C04DBF84C0400F057
:1022E000010005900599DBF84C0440F01000CBF894
:1022F0004C04DBF84C0400F0100005900599DBF865
:102300004C0440F00200CBF84C04DBF84C0400F025
:10231000020005900599DBF84C0440F00800CBF86A
:102320004C04DBF84C0400F0080005900599DBF83C
:102330004C0440F04000CBF84C041021DBF84C0476
:1023400000F0400005900598284601F0DDF80022D5
:10235000D021404601F0D8F801224FF480512046A8
:1023600001F0D2F800224FF44041204601F0CCF8B1
:1023700000220321384601F0C7F810220092012103
:1023800001910022029203926946284600F0EAFF7A
:10239000D02200920121019100220292039269460B
:1023A000404600F0DFFF002201920292009669464B
:1023B000204600F0D7FF4FF45042009201210191D6
:1023C0000022029203926946204600F0CBFF0122D0
:1023D000009201926946002202920392384600F070
:1023E000C1FF01210191022003210090029003917D
:1023F0003846694600F0B6FF0021DFF8682D0291EB
:102400004FF48067019200976946404600F0AAFFAA
:1024100020200021009002916946DFF84C2D0192A6
:10242000204600F09FFF00220021172001F096F8BF
:10243000172001F0BCF817A80021016041608160FD
:1024400000223C2108A800F055FF20210022684608
:1024500000F050FF0020DFF8144DA0602061012142
:102460000420A0610022032020624FF0A0484FF416
:1024700000294FF4004A6161A28384F82420E262BB
:10248000226384F83820E26384F84020C4F8008096
:10249000C4F80490C4F80CA0204601F0D4F8002041
:1024A000179017A9204601F04AFE0921DFF8C02C39
:1024B000099108927F2101220B910A9200210422A6
:1024C0000D918DF844100C920020802101228DF88E
:1024D00045008DF84600129113918DF8500010922E
:1024E00008A9204601F0F3FB062101917F21DFF8C6
:1024F000642D03910092002104220591029204921E
:102500006946204601F0D0F9DFF85C2D00920C21DD
:102510000191002202926946204601F0C5F9DFF8D8
:102520004C0D0090122101912046694601F0BCF942
:102530003C210022684600F0DDFE08F58070E06670
:10254000002161670020E067C4F88000042184F85E
:102550008800C4F8841001200021C4F88C0084F89D
:10256000891084F8901084F8A410C4F8A81084F896
:10257000AC10C4F87090C4F878A004F16C0001F0BD
:1025800062F80921019101227F2103910292002129
:10259000DFF8DC0C009004220591049200208021D9
:1025A0000122ADF824008DF826000A910B918DF8D8
:1025B00030000892694604F16C0001F088FBC4F811
:1025C00004B404F2044001F06DFE3021002268469C
:1025D00000F090FE08F50060C4F82C0404F22C40D2
:1025E00001F07EFE0022ADF8042002920492022047
:1025F0000522002100900390059006920791002289
:10260000694604F22C4001F07FFE0022052103926E
:1026100006911022694604F22C4001F075FEDFF8A5
:10262000540CDFF8549CC4F8D8000021012084F831
:10263000E900C4F8E0101120C4F8EC00C4F8E4107C
:1026400084F8E81084F8EA1002200121C4F8F400AC
:10265000C4F8F800C4F8F0100120C4F8FC00C4F875
:102660000001C4F80401C4F808010021C4F80C11E9
:10267000C4F81011C4F8141104F1D80001F01CFFC3
:1026800009F580604FF48271C4F83C01C4F8401130
:1026900000204FF4E061C4F84401C4F84811C4F8C4
:1026A0004C014FF400700121C4F85401C4F85011DA
:1026B00000202821C4F85C01C4F86001C4F864015A
:1026C0000722C4F86C01C4F87001C4F85811C4F8AA
:1026D000682104F59E7002F095FA142100221AA8D0
:1026E00000F008FE0AA9002008604860886007A979
:1026F0000860486088601C210022684600F0FAFDEE
:10270000342100220DA800F0F5FD0020C4F85C0281
:10271000202142F23410C4F86402C4F86012002090
:102720000121C4F870024FF48078C4F86C12C4F828
:102730005892C4F8688204F5167002F0AFFC04F5F4
:10274000167002F0D9FC062010211A901B9104F596
:1027500016701AA902F0C8FE70200A9000220B928F
:102760000C920AA904F5167003F04AF901200790AB
:102770000890099007AA022104F5167003F0D2F917
:10278000602000900022019202920392049205922E
:102790000692694604F5167002F0FCFD00200190D7
:1027A0000422694604F5167002F0F4FD0020019041
:1027B0000822694604F5167002F0ECFD7020002234
:1027C00000900192039269460C2204F5167002F003
:1027D000E1FDBF21002210911192139200204FF0D1
:1027E00080724FF000710D960E97CDF83C801290DC
:1027F0001490159216911790189019900DA904F540
:10280000167003F033F904F5167003F0DFFB242192
:10281000002203A800F06EFD4FF08042C4F8982219
:10282000002001220592009001900290C4F89C02C1
:102830000C22079240F2FF70C4F8A4020122099210
:1028400000210320C4F8A012C4F8A812C4F8B012E2
:1028500003900491069108910A910C220B9203A90E
:1028600004F5267002F064FC002000900290694696
:1028700004F5267003F0C4F84FF4E13009F5406127
:10288000C4F8D001C4F8CC110C200021C4F8E00138
:10289000C4F8D411C4F8D811C4F8DC11C4F8E41198
:1028A000C4F8E811C4F8EC11C4F8F011C4F8F4113C
:1028B00004F5E67003F01CFC002104F5E67004F05A
:1028C00005FB002104F5E67004F052FB04F5E67008
:1028D00004F0DAFA04F0A6FB40F2A360C4F8DC02CC
:1028E00000218020DFF89C29DFF89C79C4F8F002F1
:1028F000009101910291C4F8D822C4F8E01242F28A
:102900000F76C4F8E46204F5367002F0C7FB0020CD
:1029100000900290694604F5367003F071F807F5EF
:102920008060C4F8580300218020C4F8700340F28E
:10293000A468C4F86013C4F86813C4F86C13C4F82E
:102940005C83C4F8646304F5567002F0A7FB0020B2
:10295000C4F82003C4F82803C4F82C038021C4F869
:102960003013C4F81873C4F81C83C4F8246304F546
:10297000467002F093FB01220421182000F0EEFDC6
:10298000182000F014FE00220021192000F0E6FDBE
:10299000192000F00CFE00220221122000F0DEFDC2
:1029A000122000F004FE002203211C2000F0D6FDBE
:1029B0001C2000F0FCFD01220321252000F0CEFDAB
:1029C000252000F0F4FD00220321282000F0C6FDA0
:1029D000282000F0ECFD00221021284600F094FD94
:1029E000C82004F041FB04F055FBC82004F03CFB78
:1029F000D4F89802C16841F40011C160C16841F483
:102A00008001C160C16841F40001C16004F5367005
:102A100002F05EFB04F5567002F05AFB04F040FB36
:102A200004F061FB4FF47A7004F01EFB01230222D4
:102A30004FF0A04104F2544004F034FE84F8B20395
:102A4000012303224FF0A04104F58C6004F02AFE1C
:102A500084F8B303002084F8C50184F8AA01A4F81F
:102A6000C60104F0CBFE04F5757004F0D3FE002817
:102A700037D104F5757004F0F4FE58BB94F8D40314
:102A800094F8D61394F8D82384F8C00384F8C513B7
:102A900084F8C42394F8AA0198BB94F8C00304F006
:102AA0001FFF10F1010F23D0A4F8C203B4F8C20332
:102AB00004F091FF84F8C70304F069FF01001ED100
:102AC000602084F8C5010321002084F8AA1184F84D
:102AD000C6034BE05321032084F8C51184F8AA01F2
:102AE00044E05221032084F8C51184F8AA013DE096
:102AF0005F21032084F8C51184F8AA0136E084F828
:102B0000C60394F8AA0158BB04F56D7004F09BFF4E
:102B100004F5727004F0CAFF002084F8E90304226F
:102B200084F8AA0184F8AB01062184F8EA0384F84A
:102B3000A02184F8E51304F5D07005F06BF805F0DA
:102B4000F9F884F8F403D8B94FF4967105F0F8F861
:102B500005F0FEF84FF47A7004F086FA05F098F864
:102B600094F8AA01B0F1030F40F0938194F8C801E2
:102B7000401C84F8C8014FF47A7004F075FAF5E748
:102B80005421032084F8C51184F8AA01EEE700BFA0
:102B900004F038FF074617F1010FA4F8F8033DD001
:102BA000D4F89802DFF8E466456ADFF8E426A5FB6E
:102BB0000220000A40F2991303FB105540F6CC4066
:102BC00001EE105A87FB06563E44F51205EBD5750B
:102BD00000FB157701EE907AB8EE411ADFED690A35
:102BE000F8EEE11A9FED680AC1EE200A9FED671A20
:102BF00081EE811A60EE800A21EE001A70EEC11A91
:102C00009FED632A0021F4EE421AF1EE10FAC0F2B1
:102C10007B809FED600A71EE801A7DE004F08EFEED
:102C200094F8F113491CC8B2032805DB5A2203208B
:102C300084F8C52184F8AA01002084F8F11384F8EF
:102C4000EE0349E104F5667005F088F80121B4F857
:102C50009C0384F8AA1184F8AB1184F8A601022120
:102C6000002284F8A10184F8A011C4F8B8214FF41F
:102C7000167005F023F884F8B4010020C4F8E003CE
:102C800084F8DC03012084F8A70104F56D7004F0DA
:102C9000EAFE04F56D7004F0DFFE04F56D7004F0DB
:102CA000E6FE04F57F7005F0A7F8002084F8A20383
:102CB00018E1022284F8AB211D29DCBF012184F830
:102CC000A31300BFA4F8A2015FF0000084F8A403DE
:102CD00094F8A30300286FD194F8AA01012840F0CA
:102CE0008580D4ED6E0A9FED2C0AF4EE400AF1EED9
:102CF00010FAC0F27B8001230122062104F57F70C7
:102D000005F083F872E000BF9FED242AF4EE421A2A
:102D1000F1EE10FA00F1448004F2404204F2444320
:102D2000BDEEE10AC2ED000A10EE100A83ED001AB2
:102D3000020048BF524204F24840052AC0ED001A82
:102D400031DD94F8EF03401CC2B2032A2CDB04F2FD
:102D50004C4384F8EF0304F25045C3ED001A5922A6
:102D600010EE106A0323002085ED001A84F8C521B7
:102D7000A4F8C66184F8AA3184F8F11384F8EE034C
:102D8000AAE000BFCDCCCC430000B44300C04C450A
:102D9000010034430000B4C300004843000034C3C2
:102DA00071EE801AB8E7002084F8EF0384F8F1137D
:102DB000002084F8EE038FE096230522022104F51B
:102DC0007F7005F022F804F5667005F00FF800201A
:102DD000A4F8A20184F8AA0100210420A4F8A811F3
:102DE00084F8AB1184F8A00184F8A31394F8CC0301
:102DF00001280DD094F8F30300BB00BF94F8AA019A
:102E0000012827D094F8AA01032800F0F58025E0D6
:102E100004F5D07104F5727004F05AFE010009D077
:102E20000021A4F8CA1355225FF0030184F8C521DC
:102E300084F8AA1184F8F203DCE700BF04F572708D
:102E400004F03CFE04F5727004F03FFE002084F8AC
:102E5000F303D3E794F8C803042863D094F8FC0381
:102E6000B0F1010F00F0DC8094F8A701012804BF45
:102E700094F8A001042807D1B4F8AE013228C0F2BA
:102E8000DB800021C4F8E01394F8E80308B100F0F7
:102E900099FB012104F56A7004F08AFC022104F513
:102EA0006A7004F085FC04F56A7004F001FC04F516
:102EB000D07004F0AFFE94F8F00338B15FF0000179
:102EC00084F8AA1184F8C51184F8F01394F8EE037D
:102ED000B0F1000F7FF45CAE94F8A203B0F1000FE4
:102EE0007FF4B0AE94F8A40300283FF4F1AE04F5EB
:102EF000D07104F5667004F04BFFB4F89803A4F8A1
:102F0000A801B4F99A03010048BF4942B4F9A231BB
:102F10009942FFF6CEAE94F8AB21022A7FF4D2AEEE
:102F2000CAE600BFDFF86C03B0F90000002848BF14
:102F30004042B4F8AE11972880F22E80DFF8580393
:102F4000B0F91020002A48BF524292B240F6A17058
:102F500082423BDA04F56D7004F08EFDB4F9A201F3
:102F6000002848BF404281B204F56D7004F094FD22
:102F700094F8BC0300283FF445AF94F8B903012846
:102F80007FF440AF94F8C51194F8B603032284F897
:102F9000AA2128B358212DE0401A02B2002A07D4F2
:102FA00094F8B43102B2934205DBA4F8F603C5E706
:102FB00010464042F4E703235C2284F8AA3184F8E7
:102FC000C521A4F8C601A4F8F603B7E70429C1DCBB
:102FD00003205B2284F8AA0184F8C521BAE700BF68
:102FE00094F8B80310B1572104E000BF94F8B70378
:102FF00000B1562184F8C51104F04AFE00200422D5
:10300000A44984F8E40384F8AB0184F8A021088083
:1030100004F56D7004F027FD002084F8CC031DE753
:1030200004F57F7004F0FDFEB4F8AE1104F57F7076
:1030300004F025FF18E700BF94F8DC0300287FF4B4
:1030400023AF4FF4FA6104F5777004F059FE0128BC
:103050007FF41AAF04F03CF90121002084F8DC135E
:1030600084F8A70110E70000000C0240001400489B
:1030700000080048000C00480018004800B5A9B03E
:103080003821002205A800F035F9142100226846F5
:1030900000F030F95421002213A800F02BF9002091
:1030A00004F00CFF4FF480710891022202210C9170
:1030B0000D91059204210E91402208210992109150
:1030C0001191552202210F92129105A804F05CFF84
:1030D0000F2000210090032202910391049101929C
:1030E0000821684605F074F949F2010200211392A3
:1030F00014914FF080724FF080512192249113A8C7
:1031000005F0ACFA29B000BD10B52622624B12FBC7
:1031100000F29C1894F8241069B9604A52F8200013
:1031200005F0FEFB5E4AE08392F9C51311F1010F31
:1031300008BF4042208210BD10B50446C80710D514
:10314000584A02F128034021204601F081FB08B9CA
:1031500004F0EEF82046BDE810400022012101F005
:103160001ABC10BD0000211000001110280D002015
:103170008000501D01684C48814200D0704710B556
:10318000474C94F8E403B8B194F8E603401C84F883
:10319000E60394F8E51394F8E60381420CD294F820
:1031A000E61384F8F5135E2084F8C501032100209E
:1031B00084F8AA1184F8E403B4F8FA1394F8A50388
:1031C000491C10B1012284F8A42394F8CC0320B147
:1031D000B4F8CA036430A4F8CA03012084F8EE03EB
:1031E00088B2B4F8AE2101EE102A4CF6CD43B8EE09
:1031F000411A9FED220A434381EE000ADB0CDFED0A
:10320000200A94ED6E1A03EB830200EE201AB0EB55
:10321000420084ED6E1A0AD194F8EB0338B194F8A9
:10322000ED030122401C84F8EC2384F8ED03A4F89C
:10323000FA1303F081FF03F0AFFF94F8AA0103280B
:1032400007D1B4F9C61194F8C501BDE8104004F0E7
:1032500050B810BD02003004202803D1134908885B
:10326000401C088070470000040060080800900CB3
:103270000001802100680040002C01400000E14472
:103280009CC4203F0014004000440140A1000AA05B
:1032900089163CA0701400209411002024120020F4
:1032A000280D0020E0130020004801408214002077
:1032B000032010B500F048F9042005F067FB002456
:1032C000002814BF012402F0A7FC204610BD90F88E
:1032D0001C1169B9012180F81C110022D0F82011BD
:1032E00080F81D21086840F0200008600220704727
:1032F0000120704762F30F2262F31F42401810F062
:10330000030308D0C91A1FD3DB0748BF00F8012DFB
:1033100028BF20F8022D130030B41446154610398A
:1033200028BF20E93C00FAD8490728BF20E90C0053
:1033300048BF40F8042D890028BF20F8022D48BF5F
:1033400000F8012D30BC7047C91818BF00F8012DD6
:10335000CB0728BF00F8012D704700EB4100B0F902
:10336000320070472DE9F04F0A4681B01168DFF84E
:10337000B4E1DFF8B481DFF8B491DFF8B4A1002341
:1033800000294FF00F0B00F0BB800146012000FA2E
:1033900003FC10681CEA000000F0AD805468022CA9
:1033A00018BF122C5CD05F0003240D681679BC4056
:1033B000E44306F003062540BE4035430D605568E2
:1033C000012D18BF022D03D0112D18BF122D11D1C0
:1033D0008D68D6682540BE4035438D604D6825EA2E
:1033E0000C065568C5F3001515FA03F545EA060CF9
:1033F000C1F804C0D1F80CC0956804EA0C0405FAC1
:1034000007F72743CF605468E40074D5DAF800501A
:1034100045F00105CAF800504FEA930CDAF8004075
:1034200004F001040094009C59F82C709C0004F0F6
:103430000C040BFA04F5AF43B1F1904F20D0414595
:1034400020D03C4DA9421FD03B4EB1421ED03B4D37
:10345000A9421DD03A4EB14214BF0625052519E0F8
:10346000DC0801EB84049D00276A05F01C050BFABB
:1034700005F6B743166906FA05F53D43256292E75E
:10348000002507E0012505E0022503E0032501E012
:103490005FF0040505FA04F43C4349F82C40C443AA
:1034A000DEF800C0566804EA0C0CF50348BF40EA99
:1034B0000C0CCEF800C0DEF804C0556804EA0C0C11
:1034C000AE0348BF40EA0C0CCEF804C0DEF808C0DA
:1034D000566804EA0C0CF50248BF40EA0C0CCEF822
:1034E00008C0DEF80CC0556804EA0C04AD0248BF01
:1034F0000443CEF80C4010685B1CD8407FF446AF04
:1035000001B0BDE8F08F00000AB1816170478162AF
:1035100070470C490A6803461A421CBF0B60FFF74C
:103520009BBE7047000401400004004808000140B1
:103530006010024000080048000C004800100048DD
:1035400000140048140401402E490A6860F30A225E
:1035500040F2FA5060F31F420A60704770B4294D80
:103560002C68C4F30224C4F10703052B2FBF0F25D9
:1035700001259D406D1E261D072E34BF0024E41E2C
:103580002940A140012303FA04F4641E22401143A0
:103590000A01010003D41C4B5A5470BC70471B48ED
:1035A00001F00F01014401F8042C70BC70470100C8
:1035B00007D4012200F01F01154B8A40400943F84F
:1035C00020207047BFF34F8F0E4A1248116801F454
:1035D000E06101431160BFF34F8F00BFFDE7401E64
:1035E000B0F1807F01D3012070470B494860F02083
:1035F00081F8130D00228A600720086000207047C0
:1036000005F0E8B90CED00E000E400E018ED00E0A2
:1036100000E100E00400FA0510E000E000F114030E
:10362000C80D00F00400C018090D01F01F01D0F80A
:1036300000C007238B402CEA030C02FA01F141EA97
:103640000C010160704730B581B0044600200025B0
:10365000009014B9012001B030BDE06D30B92046B2
:1036600002F0FBFA0021216684F85810216888686E
:10367000800004D58A68DFF8100202408A60216861
:103680008868C00027D48A68DFF80002DFF80032BB
:10369000024042F080528A6000211868DFF8F4216D
:1036A000E0FB0221490C00910098A0B10098401E57
:1036B0000090009878B10098401E0090009850B19A
:1036C0000098401E0090009828B10098401E00907D
:1036D00000980028EAD121688868C00008D4E26D0B
:1036E00042F01002E2650125206E40F001002066E4
:1036F0008868E26DD30600F1BE80400700F1BB8010
:10370000E26D22F4807242F00202E2658868C0072E
:103710002ED4B1F1A04F1CBFDFF87C01814205D14E
:10372000DFF878010268D0F8000108E0DFF86C01EA
:10373000D0F80024D0F80035D0F800061A43104322
:1037400010F0010014D1B1F1A04F1CBFDFF8480107
:10375000814207BFDFF8441101F54072DFF83C01F8
:1037600000F5E0621168606821F47C11014311608A
:10377000607FE36BA16894F8242043EA4033E0685B
:1037800003431943012A41EA024103D1A06A401EC2
:1037900041EA4041E06A20B100F478700843216BAF
:1037A00001432268DFF8F800D36803401943D16071
:1037B00021680A69606B22F0406202430A61216855
:1037C0008A688868520742D4000740D4CA68DFF884
:1037D000D400237F024094F8380042EA833242EA60
:1037E0004002CA6020690028206801690CD041F4B9
:1037F000803101612268D2F8C0102069890B40EA4B
:103800008131C2F8C01009E021F4803101612068E3
:10381000D0F8C010890B8903C0F8C01094F840009C
:1038200001280FD122681369606CA16C6FF38A03C1
:103830000343E06C0B43216D03430B4343F001034F
:10384000136104E020680169490849000161606969
:1038500001282068016B05D1226A0909521E42EA3B
:10386000011101E00909090101630121E06D61F322
:103870000100E06504E0E06D40F01000E065012526
:10388000284601B030BD0000C0FFFF5FC0FFFF7FD2
:103890001406002047ACC5A70001005008000050E6
:1038A0000740F0FFFDBFFFFFF0B581B005460020E7
:1038B0000E460090002495F85810012908BF0220F8
:1038C00000F0D381012085F85800296888684007F6
:1038D00000F1C2817268306801F13003910901F092
:1038E0000C01C91802F01F020B681F279740C0F394
:1038F0008460BB4300FA02F21A430A6028688268B7
:103900008168520700F1A580090700F1A280B26822
:10391000B2F1004F08D131680022FFF77FFE28681E
:10392000416941F0004106E03168FFF777FE286801
:10393000416921F0004141612B68D9683069042850
:1039400030D06033326803EB8003DFF82C031F684C
:10395000074002F0F8423A43C9087769480000F08E
:10396000060087403A4342F000421A6029683369F2
:10397000B069603101EB83010A6822F08072104364
:103980000860307F01280CBF4FF0007000202968CC
:103990003369603101EB83010A6822F00072104341
:1039A000086056E003F16000016801683368C1F304
:1039B00084615A030EBFC3F3846293FAA3F2B2FA8E
:1039C00082F2914203D1016821F000410160286830
:1039D000603050F8041F01683268C1F384615303FA
:1039E0000EBFC2F3846292FAA2F2B2FA82F291425C
:1039F00003D1016821F0004101602868603050F86F
:103A0000081F01683368C1F384615A030EBFC3F312
:103A1000846293FAA3F2B2FA82F2914203D101686E
:103A200021F0004101602868603050F80C1F0168E7
:103A30003368C1F384615A030EBFC3F3846293FAFF
:103A4000A3F2B2FA82F2914203D1016821F000415F
:103A500001602B689868C0076BD4F1683268D3F8AE
:103A6000B070C2F312008743DFF8100201F01801B2
:103A7000C84002403A43C3F8B020F168DFF80002C2
:103A8000814256D1336858030EBFC3F3846093FA62
:103A9000A3F0B0FA80F0401C00F01F000A2821D2E9
:103AA000580306D1C3F38461C3F38460C3F3846312
:103AB00005E093FAA3F0B0FA80F108460B46491CE2
:103AC000401C8906012200F01F005B1C01F0F84138
:103AD00002FA00F003F01F03014303EB430341EA42
:103AE000035122E0580306D1C3F38462C3F3846018
:103AF000C3F3846305E093FAA3F0B0FA80F21046B2
:103B00001346521C401C5B1C9206012100F01F0052
:103B100003F01F0302F0F84281400A3B114303EB1C
:103B2000430341EA035141F00071B2682868FFF78E
:103B300075FD3068DFF84C11084200F0928029686A
:103B4000B1F1A04F1CBFDFF82C2191420EBFDFF86E
:103B50002021DFF81C2102F580621268DFF828615D
:103B600002F0E072B0421CBFDFF8203198423FD132
:103B700016023DD4B1F1A04F08D0DFF81401814204
:103B80006FD1DFF8EC1001F5806001E0DFF8E000B4
:103B90000168DFF8006121F0E0710A4342F400029D
:103BA000026000213268DFF8F000E2FB0001480CFF
:103BB00000EB40039B0000930098002851D0009830
:103BC000401E0090009800284BD00098401E0090A6
:103BD0000098002845D00098401E009000980028CA
:103BE0003FD00098401E009000980028E7D138E0B0
:103BF000DFF8A830984216D1D00132D4B1F1A04FED
:103C00001CBFDFF8700081420EBFDFF86410DFF8E0
:103C1000601001F58061086820F0E070024342F016
:103C200080720A601DE0DFF87830984219D15602A0
:103C300017D4DFF84000814213D0DFF83400B1F12F
:103C4000A04F18BF00F58060016821F0E0710A43C1
:103C500042F48002026004E0E86D40F02000E86574
:103C60000124002085F85800204601B0F0BD000076
:103C7000080300500001005000F0FF03FFFF0700A1
:103C800000007F4000000880000021C31000C090A9
:103C9000000600501406002047ACC5A7000052C71C
:103CA000000084CB00F11403C80D00F00400C0181C
:103CB000090D01F01F01D0F800C007238B402CEA4A
:103CC000030C02FA01F141EA0C0101607047F0B502
:103CD00081B00546002000900E4695F8580000245B
:103CE0000021012808BF022000F027826869012214
:103CF00085F8582000281CBF326A012A16D1706846
:103D0000092836D13168B06A490C01F4785120B1E4
:103D100000F07C000843F16A01432B68DFF8480596
:103D2000DA6C02400A43DA64696622E0A86E50B990
:103D3000AA666866316AB06A491E20B100F07C004C
:103D40000843F16A014330683279C0F3846002F0BD
:103D50001F0290400143A86E6A6E401E1143A86680
:103D6000696630B92A68DFF80005D36C034019434F
:103D7000D1642968886800070FD496F8250096F862
:103D800026200028C86820F4401040EA425204BFB0
:103D900096F8243042EA0352CA6029688A68886823
:103DA000520700F1D780030700F1D480B06A0028E1
:103DB0001CBFF06A002807D196F825000128C868C2
:103DC0000DD140F000700CE096F82500012805D1D7
:103DD000E86D40F02000E865012403E0C86820F0A9
:103DE0000070C86096F830002A6801280AD113696B
:103DF000706BB16B23F4FF7303430B4343F0020377
:103E0000136103E0106920F002001061B268B2F1A2
:103E1000004F09D1316828680022FFF743FF286866
:103E2000416941F0004107E031682868FFF73AFF37
:103E30002868416921F0004141612B68D9683069E7
:103E4000042830D06033326803EB8003DFF81C04B1
:103E50001F68074002F0F8423A43C90877694800F2
:103E600000F0060087403A4342F000421A60296899
:103E70003269B069603101EB82010B6823F0807315
:103E800018430860307F01280CBF4FF000700020FD
:103E900029683369603101EB83010A6822F00072FE
:103EA0001043086056E003F1600001680168336860
:103EB000C1F384615A030EBFC3F3846293FAA3F281
:103EC000B2FA82F2914203D1016821F0004101600F
:103ED0002868603050F8041F01683368C1F38461BA
:103EE0005A030EBFC3F3846293FAA3F2B2FA82F2CA
:103EF000914203D1016821F00041016028686030DF
:103F000050F8081F01683368C1F384615A030EBF7B
:103F1000C3F3846293FAA3F2B2FA82F2914203D11C
:103F2000016821F0004101602868603050F80C1FE2
:103F300001683368C1F384615A030EBFC3F384621E
:103F400093FAA3F2B2FA82F2914203D1016821F00E
:103F5000004101602B689868C0076BD4F168326833
:103F6000D3F8B070C2F312008743DFF8040301F006
:103F70001801C84002403A43C3F8B020F168DFF8A6
:103F8000F402814256D1336858030EBFC3F38460F4
:103F900093FAA3F0B0FA80F0401C00F01F0009284B
:103FA00021D8580306D1C3F38461C3F38460C3F3FB
:103FB000846305E093FAA3F0B0FA80F108460B465B
:103FC000491C401C8906012200F01F005B1C01F007
:103FD000F84102FA00F003F01F03014303EB43032F
:103FE00041EA035122E0580306D1C3F38462C3F3CC
:103FF0008460C3F3846305E093FAA3F0B0FA80F21F
:1040000010461346521C401C5B1C9206012100F016
:104010001F0003F01F0302F0F84281400A3B1143E6
:1040200003EB430341EA035141F00071B268286891
:10403000FFF738FE3068904908427AD02968B1F11C
:10404000A04F1CBF874A91420EBF8C4A8B4A02F593
:10405000806212688A4B02F0E07298421CBF894E5F
:10406000B0423AD1130238D4B1F1A04F06D08648FD
:1040700081425ED1814901F5806100E07F49086895
:10408000824E20F0E070024342F400020A600021F8
:1040900032687F48E2FB0001480C00EB40039B00C4
:1040A00000930098002844D00098401E009000988B
:1040B00000283ED00098401E00900098002838D07C
:1040C0000098401E00900098002832D00098401EB2
:1040D000009000980028E7D12BE06E4B984213D156
:1040E000D00126D4B1F1A04F1CBF5E4881420EBF63
:1040F0006249624901F58061086820F0E07002437E
:1041000042F080720A6014E0634B984211D156026B
:104110000FD4544881420CD05848B1F1A04F18BF79
:1041200000F58060016821F0E0710A4342F48002EA
:104130000260002085F85800204601B0F0BD70B440
:1041400090F858300022012B08BF022000F0848034
:10415000012380F858300368B3F1A04F14D14F4CBD
:10416000F834A4689D686D076DD464076BD4B3F10F
:10417000A04F1CBF3B4CA34207BF484B03F5407503
:10418000464C04F5E06510E0354DAB4203D1434C9D
:1041900004F59F64E5E7C26D42F02002C26500218C
:1041A00080F85810012070BC70470B6853B32C681E
:1041B0004B6890F8386024F460441C4344EA463469
:1041C0002C600468B4F1A04F1CBF264B9C4204D164
:1041D000324B1C68D3F8003107E0304BD3F8004471
:1041E000D3F80065D3F800363443234313F00103BA
:1041F0002ED12E682A4B0C6889681E4026430E4338
:104200002E6025E02B6823F460432B600168B1F138
:10421000A04F1CBF134B994204D120490B68D1F821
:10422000001107E01D49D1F80034D1F80045D1F85C
:1042300000162343194311F0010109D12B681849D5
:104240000B402B6004E0C26D42F02002C2650122E7
:10425000002180F85810104670BC70470000000024
:1042600000040050000100500040100400F0FF0363
:10427000FFFF070000007F40000008800803005097
:10428000000021C31000C09000060050140600205A
:1042900047ACC5A7000052C7000084CB08000050FF
:1042A000E0F0FFFF10B5040001D1012010BD94F82B
:1042B000210028B9002184F82010204601F03DFD9E
:1042C00000206062A060206100216160E1606161A6
:1042D000012084F82100002010BD00000100020030
:1042E00010B5040001D1012010BD207920B90021B2
:1042F0006171204601F034FD02202071002121610E
:1043000001202071002010BD2DE9F04104460E4629
:104310006079012808BF022000F0C8800121617186
:104320000220207102F01005B068042827D1002A6D
:104330003CD1FDF795FF07462068416B080405D581
:10434000FDF78EFFC01B0128F6D937E0012002F0EF
:104350008BFE2068716A016440F2FF332068816C33
:10436000B26AAB409943AA4011438164FF2320689D
:10437000C16CF26AAB409943AA401143C164F06931
:10438000012808D12068816B326A1F23AB40994312
:10439000AA401143816307202168CF6BB169A8400F
:1043A0008743C80719D54FF0000822E02068416B09
:1043B00000290BD5FDF754FF0128F7D9216941F0F9
:1043C0000801216103202071BDE8F081012002F085
:1043D0004BFE2168706A4864BEE7880748BF4FF00B
:1043E000010806D47069B0F1010868EB08084FEACB
:1043F000D878B1687069014348EA01084FF48072C7
:10440000AA4031799743012908BF48F480784FF4D6
:104410000071A94070798F43012808BF48F40078E3
:104420003068022827F440470DD104F0E2F8204913
:10443000884228BF47F4004706D21E49884203D36A
:1044400047F4804700E00743216808FA05F0074376
:10445000CF634FF4804122681068A9408843106000
:1044600040F6FE7220680168F368AA409143AB40B1
:1044700019430160C02221680868AA40904308607F
:1044800040F60F722068016E3369AA409143F268CA
:104490009B01C2F3830203F470631A4302FA05F529
:1044A0000D4305660121217100206071BDE8F08196
:1044B0000168890901B4C40430B5040081B031D069
:1044C00094F85C0028B9002184F85D10204601F0C2
:1044D00075FC2168886920F010008861FDF7C0FE36
:1044E0000546206881690A0705D5FDF7B9FE401B1E
:1044F0000B28F6D30FE0816941F001018161FDF7DE
:10450000AFFE054620688269D1070ED4FDF7A8FEEC
:10451000401B0B28F6D3216E41F0010121660320D8
:1045200084F85C00012001B030BD826942F00202D3
:10453000826121685C48814202D161685B48016008
:10454000217C0129216888690CBF20F0400040F0DF
:10455000400088612168607C012888690CBF40F4B4
:10456000804020F4804088612168A07C012888690F
:104570000CBF20F4805040F480508861226891691B
:10458000A06821F44071014391612168886920F09D
:10459000A40088612168086920F010000861E068C3
:1045A000012804D12168886940F0040013E098B123
:1045B0002168022888690CD040F080008861216859
:1045C000086940F010000861E068032804D1216800
:1045D000886940F020008861E069A1696269401E35
:1045E000491E000240EA4160216A491E08432168D1
:1045F000521E40EA0240C861A068B0F5407F0FD16A
:10460000A06AE16A401E491E40EA0120216B626AED
:10461000491E40EA01102168521E40EA0240C8606B
:104620002168D1F8C020E06B0243C1F8C0202168A6
:104630001F4A2048914208BF1F4803D01F4A914299
:1046400008BF1F482064D1F88030626B23F4F81350
:1046500043EA0243C1F8803000F1700161642368CD
:10466000D3F88010A26B21F0706141EA026100F57D
:104670001872C3F88010226500F5C471E16400F17E
:10468000B00300F51E71A364616500F5547200214A
:1046900040F8041B9042FAD3A1652166012084F8FA
:1046A0005C0001B0002030BD0064004000650040A7
:1046B0000068004000A4004050A70040006C00408B
:1046C000A0AA004070B490F85C20012A18BF022A0A
:1046D0001ED14B684E690C69CD688A6809689207DB
:1046E00059B9006C42EAC56242EA044200EB830019
:1046F00032430260002070BC7047406C00EBC30086
:10470000324344EA457404604260002070BC704744
:10471000016E41F002010166012070BC704730B4A7
:1047200090F85C40012C11D10568029CD5F88000FE
:10473000800944EA801444EA011444EA820444EA09
:104740004304C5F88040002030BC7047016E41F042
:1047500004010166012030BC704790F85C20012AFA
:104760000BD1022180F85C10026891694908490068
:1047700091610022026600207047016E41F0040141
:104780000166012070470000F0B590F85C30022B04
:1047900057D10368D3F8C450AC0205D5016E41F47B
:1047A000007101660120F0BDD3F8C4400B698E682A
:1047B0001E43C4F301454B680C68002B0EBF46EA4C
:1047C0008446264346F080460B6ACF694C6947EA27
:1047D00003678B691F43CB6827433B43476D05EB5A
:1047E000C50407EBC40707F108043E607B6000279F
:1047F000CB680FF200464FEA134C16F80C30BBB1F1
:1048000092F802E0D3784FEA0E4E4EEA036E5378E8
:1048100012F804CB4EEA03234CEA030344F8043BAA
:104820003F1DCB684FEA134C16F80C309F42E7D37C
:104830000168012202FA05F5C1F8CC508565002017
:10484000F0BD016E41F0080101660120F0BD0000DD
:10485000F0B590F85C40022C40F097804029056844
:1048600010D1D5F8904014F00F0F05D1016E41F42E
:10487000807101660120F0BDD5F89040866CC4F3CC
:1048800001250FE0D5F8984014F00F0F05D1016E07
:1048900041F4807101660120F0BDD5F89840C66CE6
:1048A000C4F3012505EBC50406EBC406346814F017
:1048B0008044546037680CBFC7F38A4727F06047CD
:1048C00017604FF0000C376807F00057976056F8F4
:1048D000044B04F0004414613768BFB2D7613468F8
:1048E00004F47024D460376807F480175761346883
:1048F00004F4001494613768C7F3066414620FF27D
:10490000F42756F8044BE40F5462D2F80C404FEAF7
:10491000144E17F80E407CB316F80C4003F80C4008
:104920000CF1010CD468240C3C5DA44524D216F88B
:104930000C4003F80C400CF1010CD4684FEA144E03
:1049400017F80E40A44517D216F80C4003F80C4097
:104950000CF1010CD468240C3C5DA4450CD216F873
:104960000C4003F80C400CF1010CD4684FEA144ED3
:1049700017F80E40A445CFD3006840290CBFC0F8FB
:104980009450C0F89C500020F0BD016E41F0080129
:1049900001660120F0BD70B490F85C30012B18BFA7
:1049A000022B67D103689C6D11F0070F01D0E5075A
:1049B0001DD511F0380F01D0A50718D511F4E07FEF
:1049C00001D0650713D511F4F05F01D025070ED58E
:1049D00011F4604F01D0E50609D511F4403F01D034
:1049E000A50604D511F47C0F05D0660603D4DD6D51
:1049F00045F00105DD6511F0070F01D0E3071DD477
:104A000011F0380F01D0A30718D411F4E07F01D0C2
:104A1000630713D411F4F05F01D023070ED411F40F
:104A2000604F01D0E30609D411F4403F01D0A30642
:104A300004D411F47C0F06D0630604D50468E36D3A
:104A400043F00203E3650B0605D50468D4F8DC30B7
:104A50001343C4F8DC30CB0505D50468D4F8E03046
:104A60001A43C4F8E0200268506D014351650020EC
:104A700070BC7047016E41F002010166012070BCFC
:104A800070472DE9F043074681B03868016D446DE9
:104A90000C40016D456D0D40016DD0F8548008EA61
:104AA000010101F03808016D466D0E40016DD0F82E
:104AB000549009EA010101F46029016D4A0604F4E9
:104AC000E05405F0070506F4710607D5416D4A0666
:104AD00004D540210165384603F07DFF3868016D3B
:104AE000CB050DD5426DD1050AD5D0F8D810D0F838
:104AF000E0304FF4807202651940384603F06CFFD5
:104B00002CB1386804652146384603F066FF2DB1A4
:104B10003868056529463846FEF70EFBB8F1000FE8
:104B200006D03868C0F850804146384603F056FF3A
:104B30003868016D8A0508D5416D8A0505D54FF4A1
:104B400000710165384603F04AFF3868016D0B06B5
:104B50000CD5426D110609D5D0F8D410D0F8DC3050
:104B6000802202651940384603F03AFF3868016D2B
:104B70008A0408D5416D8A0405D54FF400510165BA
:104B8000384603F02EFF3868016D0A0408D5416DE0
:104B90000A0405D54FF400410165384603F022FFB1
:104BA0003868026D510409D5436D5A0406D54FF497
:104BB00080410165386E40F080003866B9F1000F21
:104BC00006D03868C0F850904946384603F00BFFCD
:104BD00026B138680665396E0E433E66386E28B1D8
:104BE000384601B0BDE8F04303F0FEBE01B0BDE8B9
:104BF000F08300000001020304050607080C1014EE
:104C00001820304030B581B0040008BF012053D0D7
:104C10000021A16294F85D0020B984F85C10204660
:104C200001F00EF9022184F85D102168086820F077
:104C300040000860E168B1F5E06F04D90022B1F5E9
:104C4000706F03D104E04FF4805201D00020A062C5
:104C5000206B30B9B1F5E06F87BF022121630120DD
:104C600020636368A06821692568034360690B437A
:104C7000A169034301F40071E0690B43216A034316
:104C8000A06A0B4303432B60A369606A616B1B0C32
:104C900003F004030343E0680B4303431A43236810
:104CA0005A602168C86920F40060C861002121664B
:104CB000012084F85D00002001B030BD2DE9F047EF
:104CC0000646012596F85C000C4691464FF0000818
:104CD000012808BF022000F026811F4686F85C509C
:104CE000FDF7BEFA96F85D20012A82460AD0706868
:104CF000B0F5827F02BFB0680028042A02D04FF0CE
:104D0000020809E1002C18BFB9F1000F00D00FB95B
:104D1000A84601E196F85D0004281CBF052286F82C
:104D20005D2000203066C6F84090A6F84670A6F8D0
:104D30004470B463F787B787F064306540F201725E
:104D4000F068904238BF022F04D33368586820F4CB
:104D5000805003E03368586840F4805058603068F1
:104D600003685C0603D4036843F040030360F36800
:104D70007068089C934249D3002818BF012F09D1BD
:104D8000B26B30681188C160B16B881CB063F18F61
:104D9000481EF087F08F28B131688868820715D5E2
:104DA00005E000BFB6F846000028F5D1AAE0F08F74
:104DB000002818BF002D09D0B26B1088C8600025EC
:104DC000B16B881CB063F18F481EF087316888682A
:104DD000C2070FD5B6F8460060B1C968306C0180D3
:104DE0000125326C911C3164B6F84600B0F1010126
:104DF000A6F84610FDF734FAA0EB0A00A042C9D38A
:104E000014F1010FC6D04FF0030885E0002818BF49
:104E1000012F14D1B26B3068F18F022907D31288A9
:104E2000C260B16B881CB063F18F881E06E01178F8
:104E30000173B26B501CB063F18F481EF087F08F86
:104E4000A0B13168886882071ED5F08F002818BF8E
:104E5000002D19D0B26BF08F02280CD31288CA60D3
:104E6000B06B811CB163F08F811E0BE0B6F8460079
:104E70000028E6D146E012780A73B06B411CB1639A
:104E8000F08F411EF187002531688868C20727D559
:104E9000B6F8460020B3306CB6F84620022A13D389
:104EA000C9680180306C821C3264B6F84600811EED
:104EB000A6F84610B6F8460002280FD231684868B6
:104EC00040F48050486009E0097B0170306C421C5E
:104ED0003264B6F84600411EA6F846105FF00105A0
:104EE000FDF7BEF9A0EB0A00A04205D2002CA6D126
:104EF0004FF0030810E000BF14F1010F9FD04FF0F6
:104F0000030809E052462146304600F00EF818B179
:104F100020204FF001083066012186F85D10002046
:104F200086F85C004046BDE8F08770B505460C4643
:104F300016462868816811F4C05F30D014F1010F63
:104F4000F7D0FDF78DF9801BA04201D2002CF0D1E3
:104F50002868416821F0E00141606868B0F5827F0F
:104F60000BD1A868B0F5004F18BFB0F5806F04D121
:104F70002868016821F040010160A86AB0F5005F6F
:104F800009D12868026822F400520260286801688A
:104F900041F400510160012285F85D2072E028682B
:104FA0008168080638D514F1010FF8D0FDF758F9DB
:104FB000801BA04201D2002CF1D12868416821F069
:104FC000E00141606868B0F5827F0BD1A868B0F558
:104FD000004F18BFB0F5806F04D12868016821F038
:104FE00040010160A86AB0F5005F09D12868016836
:104FF00021F4005101602968086840F400500860FD
:10500000012185F85D10002285F85C20286E40F0B3
:1050100020002866032070BD2968886810F4C06FDE
:1050200039D0087B14F1010FF6D0FDF719F9801B78
:10503000A04201D2002CEFD12968486820F0E0009E
:1050400048606868B0F5827F0BD1A868B0F5004F62
:1050500018BFB0F5806F04D12968086820F04000BF
:105060000860A86AB0F5005F09D12868016821F4DA
:10507000005101602968086840F40050086001216F
:1050800085F85D10002085F85C000320296E41F052
:105090002001296670BD002070BDF7FF10B5040027
:1050A00001D1012010BD94F83D0028B9002184F8F9
:1050B0003C10204600F0F3FE022084F83D00211D44
:1050C000206800F03CFA012084F83D00002010BD6B
:1050D0000068DFF85820C16841F00101C1608168B3
:1050E0000A40062A18BFB2F5803F03D0016841F09C
:1050F000010101600020704710B5040001D10120BA
:1051000010BD94F83D0028B9002184F83C102046D9
:1051100003F06BFC022084F83D00211D206800F0A4
:105120000EFA012084F83D00002010BD07000100A8
:10513000F0B581B004000D4608BF012041D094F8BD
:105140003D0028B9002184F83C10204600F010FFF3
:10515000022084F83D002268DFF880039168014056
:105160009160211D206800F0EAF92268DFF87013D1
:1051700093689669176AA8680E400643A869DFF825
:10518000641346EA0026E8680E400643E869296988
:1051900046EA0026286A46EA011646EA00366868AA
:1051A000696927F0AA0707432868034347EA0117FC
:1051B000936021688E6101212068076284F83D10A8
:1051C000002001B0F0BD10B50446206802699107C7
:1051D00016D5C268910713D56FF002020261012152
:1051E0002177806910F0030F204602D003F0FEFB08
:1051F00004E003F0FCFB204603F0FAFB00202077DC
:1052000020680269510716D5C268510713D56FF09F
:105210000402026102212177806910F4407F204658
:1052200002D003F0E3FB04E003F0E1FB204603F0CF
:10523000DFFB0020207720680269110716D5C268BD
:10524000110713D56FF00802026104212177C069AC
:1052500010F0030F204602D003F0C8FB04E003F077
:10526000C6FB204603F0C4FB0020207720680169BC
:10527000CA0616D5C168CA0613D56FF010010161C0
:1052800008222277C06910F4407F204602D003F044
:10529000ADFB04E003F0ABFB204603F0A9FB0020CC
:1052A000207720680169CA0708D5C168CA0705D5F3
:1052B0006FF0010101612046FDF75CFF2068016984
:1052C0000A0608D5C1680A0605D56FF0800101619C
:1052D000204603F08EFB20680169CA0508D5C16825
:1052E0000A0605D56FF480710161204603F082FB48
:1052F000206801694A0608D5C1684A0605D56FF0DD
:1053000040010161204603F076FB206801698A06AE
:1053100008D5C1688A0605D56FF0200101612046D5
:1053200003F06AFB20680269D10208D5C268D10285
:1053300005D56FF480120261204603F05EFB206801
:105340000269910208D5C268910205D56FF4001276
:105350000261204603F052FB206801694A0208D529
:10536000C1684A0205D56FF480010161204603F04F
:1053700046FB206801690A020AD5C1680A0207D5FE
:105380006FF4000101612046BDE8104003F038BB16
:1053900010BD000030B5044681B094F83C000D46C5
:1053A000012808BF022000F09780012184F83C10FA
:1053B0000220142A84F83D0000F28780DFE802F022
:1053C0000B8585851F8585853485858548858585FB
:1053D0005D85858571002068294600F01EF92168E9
:1053E000886940F0080088612168886920F004001D
:1053F00088612268916928690143916165E02068AC
:10540000294600F05BF92168886940F400608861F2
:105410002168886920F480608861206881692A6930
:1054200041EA0221816150E02068294600F08DF9AF
:105430002068C16941F00801C1612068C16921F09B
:105440000401C1612268D16928690143D1613CE04E
:105450002068294600F0B9F92068C16941F400616B
:10546000C1612168C86920F48060C8612068C16991
:105470002A6941EA0221C16127E02068294600F03B
:10548000E4F92168086D40F0080008652168086D9E
:1054900020F0040008652268116D28690143116538
:1054A00013E02068294600F000FA2168086D40F4F6
:1054B000006008652168086D20F480600865206838
:1054C000016D2A6941EA02210165012084F83D004D
:1054D000002184F83C10002001B030BDF8BFFEFF71
:1054E000FCFCFFFF0303FFFF10B5044694F83C00EB
:1054F000012801D1022010BD012284F83C200220A5
:1055000084F83D00204600F000FA38B1012184F80B
:105510003D10002084F83C00012010BD2168C868BF
:1055200020F04000C8602168C86820F48040C8604E
:10553000012184F83D10002084F83C0010BD30B4F7
:105540000468DFF88034984218BFB0F1804F12D061
:10555000DFF87454A8421CBFDFF8882490420AD0B8
:10556000DFF88454A8421FBFDFF860249042DFF8C0
:105570006C54A84218D124F070024C68144398422D
:1055800018BFB0F1804F1FD0DFF83C2490421CBF01
:10559000DFF85054A84217D0DFF84C2490421CBFCB
:1055A000DFF82854A8420FD0DFF8242490421CBF13
:1055B000DFF82054A84207D0DFF81C2490421CBF1B
:1055C000DFF81854A84203D124F44072CC68144385
:1055D0004A6924F080041443046098428C68C462D1
:1055E0000A6882621CBFDFF8E443A0420FD0DFF8F4
:1055F000E03398421CBFDFF8DC23904207D0DFF88D
:10560000D83398421CBFDFF8D423904201D10B69F4
:1056100003630121416130BC7047F0B4026A520853
:1056200052000262066A43688569DFF8C0230C688D
:1056300015402C438D6826F002063543DFF884635D
:10564000B0421CBFDFF8842390420FD0DFF8807394
:10565000B8421CBFDFF87C23904207D0DFF8787394
:10566000B8421CBFDFF87423904216D1CA6825F0F7
:105670000805154325F00405B0421CBFDFF84C7344
:10568000B8420ED0DFF84863B0421FBFDFF84423B2
:105690009042DFF84463B04203D0DFF840239042E9
:1056A00005D14A6923F440731A438B69134343605D
:1056B0008461496841630562F0BC7047F0B4026AD6
:1056C000DFF82C3322F010020262046A4568866912
:1056D0000A68334043EA02238A6824F0200444EA3B
:1056E0000214DFF8E02290421FBFDFF8E072B842F8
:1056F000DFF8E862B0420CD1CE6824F0800444EABE
:10570000061424F0400490421CBFDFF8C0229042EF
:105710000DD0DFF8BC62B0421CBFDFF8B822904267
:1057200005D0AD4EB0421CBFAC4A904206D14E6986
:105730008A6925F44065164345EA8605456083611C
:10574000496881630462F0BC7047F0B4026A22F4D5
:1057500080720262046A4368C669A44A0D6824F430
:10576000007416408A6844EA02243543954A904200
:105770001FBF964FB842994EB0420BD1CE6824F469
:10578000006444EA062424F4806490421CBF8F4ADB
:1057900090420BD08E4EB0421CBF8E4A904205D034
:1057A0008D4EB0421CBF8D4A904206D14E698A6927
:1057B00023F44053164343EA06134360C561496826
:1057C000C1630462F0BC70470000F0B4026A884B09
:1057D00022F480520262046A4568C6690A6833404E
:1057E00043EA02238A6824F4005444EA0234754AE6
:1057F00090421FBF754FB842784EB0420BD1CE6871
:1058000024F4004444EA063424F4804490421CBF4B
:105810006E4A90420BD06E4EB0421CBF6D4A904211
:1058200005D06D4EB0421CBF6C4A904206D14E6905
:105830008A6925F44045164345EA86154560C361EB
:10584000496801640462F0BC704770B4026A5D4E3E
:1058500022F480320262046A4368056D654A15408D
:105860000A682A438D6824F4003444EA0544B042AF
:105870001CBF564DA8420BD0554EB0421CBF554DD3
:10588000A84205D0544EB0421CBF544DA84204D18A
:105890004D6923F4803343EA052343600265496878
:1058A0008164046270BC7047000070B4026A22F424
:1058B00080120262036A4468066D4F4A0D683240E6
:1058C00042EA05228D683F4E23F4001343EA055354
:1058D000B0421CBF3D4DA8420BD03D4EB0421CBF54
:1058E0003C4DA84205D03C4EB0421CBF3B4DA842A7
:1058F00004D14D6924F4802444EA8524446002657F
:105900004968C164036270BC704730B404683448AD
:10591000A5684A68394B0540154308681D40054392
:10592000A5604A68402A11D0502A24D0602A34D079
:10593000702A44D108698A68CB68A16821F47F4144
:105940000B431A4342EA0022A26038E008680528A7
:1059500014BFB0F1011F012032D0206A226A520820
:1059600052002262A269096922F0F00242EA0112A1
:10597000A261206223E008698968226A236A5B08C1
:105980005B00236222F00A02A36923F0F00343EADA
:105990000013A3611143216211E008698968226A3A
:1059A00022F010022262A369226A23F4704343EAC0
:1059B000003322F0A002A36142EA01122262002019
:1059C00030BC7047002C014000040040003401400E
:1059D00000400140004401400048014000500140A7
:1059E0008FFFCFFF00080040000C00408CFFFEFF3F
:1059F000FF8CFFFE8FFFFEFFFF8FFFFEF8FFFEFF15
:105A000070B490F83C20012A08BF022029D001235D
:105A100080F83C30022280F83D200468DFF8EC3149
:105A20006668A5689C421FBFDFF8E4219442DFF856
:105A3000E4319C4203D126F470024E6816430A4BAF
:105A40008A6809681E4025F080050E43154366608C
:105A500001230268956080F83D30002180F83C10F9
:105A6000002070BC704700008FFFFFFD70B490F8FD
:105A70003C20012A08BF022052D0012280F83C209D
:105A8000CC688A684B68614D24F44074144324F454
:105A900080641C430A680B6924F40064144324F4F2
:105AA00080541C434A690B6B24F40054144324F4BF
:105AB000804423438A69046823F4702343EA024341
:105AC000AC421FBF524A9442524EB44208D123F016
:105AD0008052CB691343AC421CBF4D4EB44202D03E
:105AE0004C4A944217D18A6A23F4700343EA025362
:105AF0000A6A23F08073134323F000764B6A334322
:105B0000AC421FBF424A9442424DAC4203D123F003
:105B10000052CB6A13436364002180F83C100020DC
:105B200070BC7047F0B490F83C30012B08BF0220E5
:105B30006AD0012480F83C401368012B0ED0022B60
:105B400011D0042B13D0082B16D0102B19D0202BDA
:105B50001CD0402B1ED0802B20D023E000244FF4FB
:105B60000075092622E04FF480650A261EE0022413
:105B70004FF400650B2619E003244FF480550C26E2
:105B800014E004244FF400550D260FE005240025F1
:105B900000260BE006240025002607E00724002548
:105BA000002603E00023002500240026012902D05E
:105BB000022913D024E00168D1F860C057682CEAAC
:105BC000030C07FA04F42340926843EA0C03AB4346
:105BD00002FA06F635402B430B6611E00168D1F856
:105BE00064C057682CEA030C07FA04F42340926857
:105BF00043EA0C03AB4302FA06F635402B434B66EF
:105C0000002180F83C100020F0BC7047002C0140BF
:105C1000003401400050014000B5DFF8840481B039
:105C2000816841F001018160816801F0010100910A
:105C3000009A016841F080510160006800F08050D6
:105C4000009004200099FDF77FFCDFF858140868E5
:105C500020F48040086001B000BD10B586B0044655
:105C6000142100226846FDF745FB2168B1F1A04FE1
:105C700037D1DFF83414DFF834040A68521C012AE3
:105C800008D1046844F400540460036803F400532A
:105C90000593059B046844F004040460036803F062
:105CA00004030593059B046844F001040460032485
:105CB000006800F0010005900220059B0090002381
:105CC00002930A6001946946DFF8E403FDF74AFB9A
:105CD0000720009000220194029269464FF0904004
:105CE00027E0DFF8D003814225D1DFF8BC13DFF8CD
:105CF000BC030A68521C012A08D1046844F4005409
:105D00000460036803F400530593059B046844F0A2
:105D1000040404600324006800F0040005900420DB
:105D2000059B009000230A60019402936946DFF806
:105D30008003FDF717FB06B010BD81B00168DFF8E6
:105D4000780381420AD1DFF87403016841F0080149
:105D50000160006800F008000090009801B07047F2
:105D600010B586B004461421002201A8FDF7C2FA3E
:105D70002368DFF84C138B421ED1DFF83003026832
:105D800042F480320260016801F480310091009A8F
:105D9000016841F0010101600322006800F0010088
:105DA000009030200099019000210391029201A9F6
:105DB0004FF09040FDF7D6FA06B010BD10B586B092
:105DC00004461421002201A8FDF794FA2368DFF8A5
:105DD000F4128B4232D1DFF8D402C16841F0007175
:105DE000C160C16801F000710091009A016841F042
:105DF000020101600222006800F0020000904FF4EE
:105E000040500099019000210391049102920921D0
:105E1000059101A9DFF8B002FDF7A4FA00220021E4
:105E20005620FDF79BFB5620FDF7C1FB0022002109
:105E30005720FDF793FB5720FDF7B9FB06B010BDC7
:105E400010B586B004461421002201A8FDF752FACD
:105E50002368DFF878128B421FD19448416941F4DE
:105E600080514161416901F480510091009A0168BB
:105E700041F0400101600222006800F04000009003
:105E80001C200099019000210391049102920521A8
:105E9000059101A98E48FDF765FA06B010BD10B551
:105EA00086B004461421002201A8FDF723FA2068D9
:105EB0008849884222D17D48416941F400614161AD
:105EC000416901F4006100910099026842F01002FA
:105ED00002601222006800F0100000904FF4804031
:105EE000009902920121039101900621002205915F
:105EF000049201A97848FDF735FA2FE077498842E6
:105F000010D16A49C86840F02000C8600022C86803
:105F100000F020000090002100983720FDF71EFBC4
:105F2000372021E06E4988420BD16049486940F42E
:105F300000304861486900F400300090009806B0D5
:105F400010BD6849884211D15849486940F4802001
:105F50004861486900F480200090009800220021E8
:105F60001A20FDF7FBFA1A20FDF721FB06B010BD41
:105F700010B586B004461421002201A8FDF7BAF935
:105F80002168B1F1804F1FD14848C16841F001013B
:105F9000C160C16801F001010091009A016841F0FF
:105FA000080101600222006800F00800009018203B
:105FB0000099019000210391049102920221059120
:105FC00001A94948FDF7CEF906B010BD10B586B05D
:105FD0000446142100226846FDF78CF923683D49E8
:105FE0008B422DD13148026842F002020260016802
:105FF00001F002010591059A016841F0010101607B
:106000000222006800F0010005904FF4004005995D
:1060100000900421049101920292039269462A4859
:10602000FDF7A0F902210191029103914FF4F8507C
:106030000621009004914FF090406946FDF792F9D7
:1060400006B010BD10B586B004461421002201A888
:10605000FDF750F9236825498B421FD11348416948
:1060600041F480414161416901F480410091009A0D
:10607000016841F0100101600222006800F0100088
:106080000090032000990190002103910491029255
:106090000721059101A91048FDF764F906B010BD6C
:1060A0005810024008700040741400204C10024048
:1060B0000008004800010050000C02404810024057
:1060C0000008005000680040000400480030014013
:1060D00000180048002C0140001000480014004047
:1060E0000044014000480140000C004800380140D5
:1060F00010B5040015D0D4F8800028B9002184F828
:106100007C102046FFF79EFF2421C4F880102168F0
:106110000868400840000860204600F01DF801288B
:1061200001D1012010BDA06A10B1204600F0B4FDDD
:106130002168486820F4904048602168886820F011
:106140002A0088602168086840F001000860204645
:10615000BDE8104000F003BEF0B5054681B02A68E6
:10616000DFF8100B1368A968034028690B436969BD
:106170000343E8690B43696E03430B431360002636
:106180005368E868DFF8F01A23F440530343536080
:106190000024AB698A421CBF286A03439768DFF872
:1061A000DC0A07403B439360DFF8D47AD36A686A1D
:1061B0001B0940EA0313BA42D36226D1DFF8C43A7E
:1061C000186800F00300032833D8DFE800F0026D00
:1061D0005B820127E869B0F5004F40F0EB83082FA0
:1061E00000F2D983DFE817F00900D4021103D703C6
:1061F0005803D703D703D703950302F0FDF90146EF
:10620000686A002840F08C82B7E2DFF87C7ABA42F4
:1062100027D1DFF8703A186800F00C000C2808D875
:10622000DFE800F06A07070742070707300707079C
:10623000570010278A42CDD1082F00F20E85DFE8E3
:1062400017F009000C059C000C05D8000C050C0586
:106250000C050D0102F0D0F90146686A00284DD105
:1062600079E0DFF8287ABA420ED1DFF8183A1868D8
:1062700010F0300040D0102816D0202802D030284E
:1062800027D0D6E70227D5E7DFF8040A82420DD1EE
:10629000DFF8F0793B6813F0C0032DD0402B03D01A
:1062A000802BEFD0C02BEBE70427C3E7DFF8E479BE
:1062B000BA4210D1DFF8CC39186810F440701BD006
:1062C000B0F5807FF0D0B0F5007FDBD0B0F5407F37
:1062D000AFD10827AEE78A42ABD1DFF8A8391868FA
:1062E00010F4406008D0B0F5806FDDD0B0F5006FDD
:1062F000C8D0B0F5406FC3E700279BE7012808BF6F
:10630000022029D0022808BF042025D0032808BF76
:10631000062021D0042808BF08201DD0052808BF6A
:106320000A2019D0062808BF0C2015D0072808BF5E
:10633000102011D0082808BF20200DD0092808BF40
:10634000402009D00A2808BF802005D00B2808BFAC
:106350004FF4807000D00120B1FBF0F0002800F075
:106360007D846A6802EB42039842C0F07684110390
:10637000814280F0BA8000F070BC686AB0B3012836
:1063800008BFDFF8940AECD0022808BFDFF88C0AB7
:10639000E7D0032808BFDFF8880AE2D0042808BF46
:1063A000DFF8800ADDD0052808BFDFF87C0AD8D0E6
:1063B000062808BFDFF8740AD3D0072808BFDFF823
:1063C000700ACED0082808BFDFF8680AC9D00928AB
:1063D00008BFDFF8640AC4D00A2808BFDFF85C0AE7
:1063E000BFD00B2808BF4FF22440BAD0DFF8500AC4
:1063F000B7E702F0CFF80146686A68B3012808BF22
:106400000220A9D0022808BF0420A5D0032808BF75
:106410000620A1D0042808BF08209DD0052808BF69
:106420000A2099D0062808BF0C2095D0072808BF5D
:10643000102091D0082808BF20208DD0092808BF3F
:10644000402089D00A2808BF802085D00B2808BFAB
:106450004FF480703FF480AF01207DE7686A002828
:1064600040D0012808BF4FF480403FF47AAF0228A3
:1064700008BF4FF400503FF474AF032808BF41F247
:1064800055503FF46EAF042808BF4FF480503FF4DE
:1064900068AF052808BF40F6CC403FF462AF06283D
:1064A00008BF40F6AA203FF45CAF072808BF4FF4AE
:1064B00000603FF456AF082808BF4FF480603FF4F7
:1064C00050AF092808BF4FF400703FF44AAF0A28C4
:1064D00008BF4FF480703FF444AF0B2808BF802002
:1064E0003FF43FAF4FF400403BE7082F00F211812B
:1064F000DFE817F009000F0147000F0189000F01C5
:106500000F010F01C70002F077F80146686A60B317
:10651000012808BF022029D0022808BF042025D066
:10652000032808BF062021D0042808BF08201DD05A
:10653000052808BF0A2019D0062808BF0C2015D04E
:10654000072808BF102011D0082808BF20200DD030
:10655000092808BF402009D00A2808BF802005D09C
:106560000B2808BF4FF4807000D001206A68B1FB8F
:10657000F0F65008002110EB062051EB16610023C5
:10658000BEE0686A002836D0012808BFDFF8B4688A
:1065900033D0022808BFDFF8B0682ED0032808BF28
:1065A000DFF8A86829D0042808BFDFF8A46824D041
:1065B000052808BFDFF89C681FD0062808BFDFF851
:1065C00098681AD0072808BFDFF8906815D0082807
:1065D00008BFDFF88C6810D0092808BFDFF884688E
:1065E0000BD00A2808BFDFF8806806D00B2808BF48
:1065F000DFF84C6801D0DFF87468002116EB520018
:10660000614100237CE001F0C5FF0146686A60B388
:10661000012808BF022029D0022808BF042025D065
:10662000032808BF062021D0042808BF08201DD059
:10663000052808BF0A2019D0062808BF0C2015D04D
:10664000072808BF102011D0082808BF20200DD02F
:10665000092808BF402009D00A2808BF802005D09B
:106660000B2808BF4FF4807000D001206A68B1FB8E
:10667000F0F65008002110EB062051EB16610023C4
:106680003EE0686AB0B3012808BF4FF4800633D0FB
:10669000022808BF4FF400162ED0032808BFDFF8E9
:1066A000D06729D0042808BF4FF4801624D00528CD
:1066B00008BFDFF8C0671FD0062808BFDFF8B8673B
:1066C0001AD0072808BF4FF4002615D0082808BFA5
:1066D0004FF4802610D0092808BF4FF400360BD0A5
:1066E0000A2808BF4FF4803606D00B2808BF4FF4A5
:1066F000004601D04FF40006002106EB52000023B3
:1067000002F080F90646A6F54071DFF87007814275
:106710009FE20124A6F54071DFF86007814298E20C
:10672000012808BF022229D0022808BF042225D050
:10673000032808BF062221D0042808BF08221DD044
:10674000052808BF0A2219D0062808BF0C2215D038
:10675000072808BF102211D0082808BF20220DD01A
:10676000092808BF402209D00A2808BF802205D086
:106770000B2808BF4FF4807200D001226868B1FB7B
:10678000F2F1420802EB4102B2FBF0F6B6B203E1CD
:1067900001F03EFF0146686A60B3012808BF02228B
:1067A00029D0022808BF042225D0032808BF0622CA
:1067B00021D0042808BF08221DD0052808BF0A22BE
:1067C00019D0062808BF0C2215D0072808BF1022B0
:1067D00011D0082808BF20220DD0092808BF402268
:1067E00009D00A2808BF802205D00B2808BF4FF423
:1067F000807200D001226868B1FBF2F1420802EB1E
:106800004102B2FBF0F6B6B2C6E0686A002840D09A
:10681000012808BFDFF8281600F0B680022808BF5C
:10682000DFF8F41500F0B080032808BFDFF8501639
:1068300000F0AA80042808BFDFF8E01500F0A4806B
:10684000052808BFDFF83C1600F09E80062808BF28
:10685000DFF8CC1500F09880072808BFDFF8C415D2
:1068600000F09280082808BFDFF8C41500F08C8083
:10687000092808BFDFF8BC1500F086800A2808BF89
:10688000DFF8B41500F080800B2808BFDFF8AC15E6
:106890007AD0DFF8D41577E001F07CFE0146686A13
:1068A00060B3012808BF022229D0022808BF0422B1
:1068B00025D0032808BF062221D0042808BF0822BB
:1068C0001DD0052808BF0A2219D0062808BF0C22AF
:1068D00015D0072808BF102211D0082808BF202291
:1068E0000DD0092808BF402209D00A2808BF8022FD
:1068F00005D00B2808BF4FF4807200D001226868D1
:10690000B1FBF2F1420802EB4102B2FBF0F6B6B283
:1069100042E0686AB0B3012808BF4FF4004133D0A9
:10692000022808BF4FF480412ED0032808BF42F64A
:10693000AA2129D0042808BF4FF4005124D00528EB
:1069400008BF41F698111FD0062808BF41F25451E4
:106950001AD0072808BF4FF4805115D0082808BF67
:106960004FF4006110D0092808BF4FF480610BD0AC
:106970000A2808BF4FF4007106D00B2808BF4FF457
:10698000807101D04FF48031686801EB5001B1FB98
:10699000F0F6B6B200E001244FF6F071A6F1100057
:1069A000884280F05A813140C6F342000143286892
:1069B000C16053E1082F00F24681DFE817F00900BB
:1069C000450081004401C700440144014401030122
:1069D00001F012FE0146686A60B3012808BF022276
:1069E00029D0022808BF042225D0032808BF062288
:1069F00021D0042808BF08221DD0052808BF0A227C
:106A000019D0062808BF0C2215D0072808BF10226D
:106A100011D0082808BF20220DD0092808BF402225
:106A200009D00A2808BF802205D00B2808BF4FF4E0
:106A3000807200D001226868B1FBF2F101EB5001D5
:106A4000B1FBF0F6B6B2FFE001F0E2FD0146686A84
:106A500060B3012808BF022229D0022808BF0422FF
:106A600025D0032808BF062221D0042808BF082209
:106A70001DD0052808BF0A2219D0062808BF0C22FD
:106A800015D0072808BF102211D0082808BF2022DF
:106A90000DD0092808BF402209D00A2808BF80224B
:106AA00005D00B2808BF4FF4807200D0012268681F
:106AB000B1FBF2F101EB5001B1FBF0F6B6B2C3E06D
:106AC000686A00283FD0012808BFDFF84C0300F0B7
:106AD000B380022808BFDFF8440300F0AD8003282C
:106AE00008BFDFF83C0300F0A780042808BFDFF8E8
:106AF000340300F0A180052808BFDFF82C0300F064
:106B00009B80062808BFDFF8240300F09580072843
:106B100008BFDFF81C0300F08F80082808BFDFF8EB
:106B2000140300F08980092808BFDFF80C0300F087
:106B300083800A2808BFDFF804037DD00B2808BF34
:106B40004FF2244078D0DFF8F80275E001F022FD22
:106B50000146686A60B3012808BF022229D00228D2
:106B600008BF042225D0032808BF062221D004280C
:106B700008BF08221DD0052808BF0A2219D0062800
:106B800008BF0C2215D0072808BF102211D00828F2
:106B900008BF20220DD0092808BF402209D00A28AA
:106BA00008BF802205D00B2808BF4FF4807200D0A8
:106BB00001226868B1FBF2F101EB5001B1FBF0F684
:106BC000B6B241E0686AA8B3012808BF4FF480401C
:106BD00032D0022808BF4FF400502DD0032808BF40
:106BE00041F2555028D0042808BF4FF4805023D0DC
:106BF000052808BF40F6CC401ED0062808BF40F646
:106C0000AA2019D0072808BF4FF4006014D0082824
:106C100008BF4FF480600FD0092808BF4FF4007000
:106C20000AD00A2808BF4FF4807005D00B2808BF8F
:106C3000802001D04FF40040696800EB5100B0FBA8
:106C4000F1F6B6B200E00124A6F110004FF6F071A3
:106C5000884202D22A68D66000E001240120A5F80B
:106C60006A00A5F868000020E866286701B02046A1
:106C7000F0BD0000F369FFCF00800040FFF4FF117A
:106C800000380140881002400044004000480040A5
:106C9000004C00400050004090F82820D10706D555
:106CA00002685368C16A23F400330B43536090F8C1
:106CB0002820910706D502685368016B23F48033BE
:106CC0000B43536090F82820510706D5026853689B
:106CD000416B23F480230B43536090F828100A077C
:106CE00006D502685368816B23F400430B4353605D
:106CF00090F82820D10606D502689368C16B23F46A
:106D000080530B43936090F828108A0606D50368D9
:106D10009A68016C22F400520A439A6090F8282085
:106D2000510610D502685368416C23F480130B435D
:106D30005360436CB3F5801F05D15368816C23F415
:106D4000C0030B43536090F82820110606D5026853
:106D50005168C06C21F4002101435160704730B587
:106D6000044681B00020C4F88800FBF779FA226855
:106D70000546106801071FD52068C16988021BD429
:106D8000FBF76EFA401BB0F1007FF5D32068016875
:106D900021F4D07101602168886840084000886053
:106DA0002021C4F880102020C4F88400002184F839
:106DB0007C10032001B030BD2268106841071FD548
:106DC0002068C16948021BD4FBF74AFA401BB0F1A6
:106DD000007FF5D32068016821F4D071016020683C
:106DE00081684908490081602020C4F88000202182
:106DF000C4F88410002084F87C0001B0032030BD6A
:106E00002021C4F880102020C4F88400002184F8D8
:106E10007C10002001B030BD00127A0000093D0056
:106E2000AAB0280080841E00006A1800555814007B
:106E300040420F0020A1070090D0030048E8010065
:106E40000024F4000000127A0000093D00AAB028D6
:106E50000080841E00006A18005558140040420F3C
:106E60000020A1070090D0030048E801000024F4AE
:106E70000055150000CC0C0000AA0A0000FD0F0010
:106E80005461510000D4300090F87C10012901D1E8
:106E900002207047012280F87C202421C0F8801055
:106EA000036819681A68520852001A600023436682
:106EB00021F00051026811602023C0F880300021C9
:106EC00080F87C100020704700000000F0B584B00E
:106ED00090F87C20012A08BF022047D0012380F8C7
:106EE0007C302422C0F880200468226823685B0874
:106EF0005B0023600468A36823F060431943A1602A
:106F00000DF1080343A1D1E900E7C3E900E700BFA1
:106F100042A3D3E90054CDE90054416E29B90123BD
:106F2000A0F86A30A0F8683017E0036899689E6896
:106F3000760F02AC490EA55D1DF80660ED0001F06C
:106F4000070195FBF6F6A0F86A60645C1DF8011075
:106F5000E40094FBF1F1A0F86810202103681A60A6
:106F6000C0F88010002280F87C20002004B0F0BD22
:106F7000F0B584B090F87C20012A08BF022047D0E9
:106F8000012380F87C302422C0F880200468226825
:106F900023685B085B0023600468A36823F06063D8
:106FA0001943A1600DF108031AA1D1E900E7C3E973
:106FB00000E700BF19A3D3E90054CDE90054416EA6
:106FC00029B90123A0F86A30A0F8683017E00368F7
:106FD00099689E68760F02AC490EA55D1DF80660A3
:106FE000ED0001F0070195FBF6F6A0F86A60645C1D
:106FF0001DF80110E40094FBF1F1A0F868102021C5
:1070000003681A60C0F88010002280F87C200020FD
:1070100004B0F0BD010101030701000008040204EF
:107020000801010110B582B001F0E3FA0B490C4CE4
:10703000A0FB0112900AFCF7D2FA211D204601F0B4
:10704000F9FD01F0D7FE07480090231D22460121DB
:1070500004F1080001F064FF02B010BD986E1283C5
:10706000DC050020A4D2000830B581B00546FBF74E
:10707000F7F815F1010F044602D005498868451953
:10708000FBF7EEF8001BA842FAD301B030BD00BFF9
:10709000E80500200149086801F0AABFDC050020CE
:1070A00010B5DFF88C452046FDF757FB0022012183
:1070B0002046FDF770FC4FF080420021DFF8740598
:1070C000DFF87435426081604FF40022C2600161D4
:1070D0004FF4801242614FF400110022036081617D
:1070E000C261026210BD0022022010B5DFF84C150B
:1070F000DFF83C454A6088600122CA6000204FF0FA
:10710000804308616FF000420B604A6182B0204604
:10711000FDF7D8FA01220092012302220221204623
:10712000FDF7FDFADFF8180500210171C1708170CB
:107130004170017002B010BD4FF40020DFF8F4146C
:10714000DFF80025C8600A60DFF8FC04038981F8D5
:1071500025301A0ADFF8F43481F82420B3F900301E
:1071600081F827301A1281F82620B0F90C2081F816
:1071700029201012DFF8D82481F82800B2F9102055
:1071800081F82B20101281F82A0001F12402DFF887
:10719000A004FDF7F9BA00004FF40022DFF89414C0
:1071A000DFF8B004CA600860DFF8AC24107881F81A
:1071B0002400927881F82520DFF88C24B2F9200091
:1071C00000EBD070401081F8260092F8250008B935
:1071D00092F8230081F827009FED540AD2ED060AA9
:1071E00020EE800ABDEEC00A10EE103A1B0410EE2D
:1071F000100A1B0E81F8290081F82830B2F91C0012
:1072000081F82B00021281F82A2001F12402DFF814
:107210002004FDF7B9BA4FF480220020DFF81414DF
:10722000CA60486201F12402DFF83034DFF800045C
:107230000B60FDF7A9BA0020DFF8F813DFF81C3463
:1072400088840B604FF480220120CA6081F82600F8
:10725000282381F8273001F12402DFF8D403FDF759
:1072600093BA4FF48022DFF8CC13DFF8F033CA6012
:107270000B6001202C2281F8240081F8252081F860
:107280002600002381F8273001F12402DFF8A00353
:10729000FDF77ABA10B4DFF89C3383F8240083F842
:1072A000261081B0DFF8B8431C604FF40022080AB2
:1072B0000021DA6083F8250083F82710996201B075
:1072C00010BC03F124021946DFF86403FDF75CBA31
:1072D0004FF400220020DFF85C13CA604862886225
:1072E00001F12402DFF88033DFF844030B60FDF77F
:1072F0004BBA10B4CF4B83F8240083F8261081B02A
:10730000DFF868431C604FF4002208120021DA60A5
:1073100083F8250083F82710996201B010BC03F1AF
:1073200024021946C248FDF72FBA00000000C842E7
:10733000F0B5CF48BF4C0168C1F3074001F0FF0131
:10734000322881B06063A16306D0C0F06E8134281A
:1073500072D038D301B0F0BDB948C64B0078BA49F5
:10736000187002220128CA7203D1012301220221CE
:107370001DE0032808BF4FF4967317D0042804D1EA
:107380004FF496730522022111E0052803D1012351
:10739000012207210BE0062803D101230122052148
:1073A00005E0072806D14FF4967305220321B24861
:1073B00000F02BFDAB4A4FF4002001212260E06079
:1073C00084F824102AE0A048AC49AD4D0022428048
:1073D0000281828082614A600A70C271827280F882
:1073E0002520C284A7484270284600F067FB284643
:1073F00000F06BFBA44801F0FEFDA44801F0FBFD8A
:10740000A34801F0F8FD9C4800F0F6FC95494FF4C4
:10741000002001222160E06084F8242004F124028D
:10742000214601B0002084F82500E084A062BDE878
:10743000F0407F48FDF7A8B9814A964E1078824DFA
:10744000307051787170D378917841EA032171805E
:107450005379127942EA0322B280AB7A032B00F00F
:10746000E480022840F08380284600F0B3FB84F8D3
:107470002D0000207178FF2914BFAA29012095F959
:10748000012084F82C0094F82D0000281CBF94F8EB
:107490002C0000284FD00023FF292B816B8007D1BF
:1074A0007D48007901280DD002280DD101220BE082
:1074B000AA2909D178480079012801D1012203E0E5
:1074C000022801D14FF0FF32AA71B088A8806A70FB
:1074D000B6F902106980688800F0F0FB2875002179
:1074E0000120E871A872E87285F825100020287044
:1074F000A8616A4D284600F0B6FA284600F0ACFABA
:10750000284600F0B4FA574820604FF400210122C9
:107510000020E16084F8242084F82500E084A06243
:1075200004F1240221464248FDF72EF95448012176
:10753000017101B0F0BD4FF40020E0600222494922
:107540002160002084F8242084F82500E084A062D3
:1075500004F1240221463648FDF716F901B0BDE8D2
:10756000F040012301220221434800F04EBC0328D1
:107570005BD1434B1878032823D1E889081A48BF08
:1075800040422086208E4B2816DA01241C720023EC
:107590004348837004702A81698042F6AB22B5F9B2
:1075A000020095F9063010FB02F2121402EBD272BF
:1075B0005A2112FB03F02DE04FF0FF30187201B09A
:1075C000F0BD042831D13648002383702889101A71
:1075D00084F82E00B5F90230CF1A48BF7F422786C3
:1075E0009942BCBF0223EB72C0B20628BCBF208EFA
:1075F000322815DA2A8142F6AB2069805A21B5F982
:10760000022095F9063012FB00F0001400EBD07058
:1076100010FB03F001B0BDE8F04000B200F090BBF9
:107620005D21032085F82510A87201B0F0BD00008F
:10763000000E0020A41300200201090E10140020E7
:107640000814002020108007C80E002070140020AD
:107650009411002020108107D01000202030341811
:10766000201084072010790720108307201082073C
:10767000E013002038140020241100200411002001
:10768000F010002060140020200100204C01002098
:107690007801002058140020E8100020DC100020A1
:1076A0000C11002001600271836001F0AFBC00008A
:1076B00030B581B004462DED028B207A012823D10C
:1076C000A088344A002113461D688542A2BF491C88
:1076D0005D688542A2BF491C9D68854240DB491C0C
:1076E0000C339629F0DB9FED2C8B607801F058FE6F
:1076F0002B4A2C4B01F062FE53EC182B01F034FFA7
:1077000002F05AF820706070607A012824D1E08875
:10771000204A002102F516731D688542A2BF491C4C
:107720005D688542A2BF491C9D68854225DB491CD6
:107730000C339629F0DB9FED188BE07801F030FEDA
:10774000174A184B01F03AFE53EC182B01F00CFFCE
:1077500002F032F8A070E070BDEC028B01B030BDD9
:1077600002F5966030F8210001F01AFE0E4A0F4B28
:1077700001F024FE41EC180BB7E702F5966030F8F3
:10778000210001F00DFE084A084B01F017FE41EC04
:10779000180BD2E71806002000000000B0CCEC4027
:1077A000989999999999B93FCDCCCCCCCCCCEC3F58
:1077B00070B5002600240025012905D100F10A0634
:1077C000051D00F1080406E0022904D100F10B06B2
:1077D000851D00F1090401F080FD70B9307801F0D9
:1077E00040FD0120FFF740FC01F047FD4FF6FF711F
:1077F000884202D028800120207070BD00B581B081
:10780000FAF7F6FA0120F8F7E7FC01B05DF804EBAF
:10781000FAF7FEBA10B5044621460120F9F7B9FB84
:1078200001001DD1611C0220F9F7B3FB010017D143
:10783000A11C0320F9F7ADFB010011D1E11C0420CC
:10784000F9F7A7FB01000BD1211D0520F9F7A1FBDA
:10785000010005D1611DBDE810400620F9F799BB74
:1078600010BD00218171017829B1152903DA427810
:107870000AB1152A03DB0121817108467047914244
:1078800018BF022126D190F90220012A18BF12F157
:10789000010F06D190F90310012918BF11F1010F52
:1078A00003D003218171084670478A4218BF042122
:1078B00010D10279012A18BF022A04D14179012985
:1078C00018BF022903D006218171084670478A42F9
:1078D00003D00521817108467047002070470000E1
:1078E000401E0A2827D8DFE800F006090C0F121501
:1078F000181B1E21230040F61A20704740F68960AD
:10790000704742F65760704741F26C40704742F250
:107910004720704743F23810704741F2E410704737
:1079200042F63970704741F274507047002070473A
:1079300043F2E13070474FF0FF30704710B500213F
:1079400044F20100394C01F0D8FFC107208001D575
:10795000012010BDC0F3400109B1022010BDC0F3E9
:10796000800008B1032010BD042010BD00B581B017
:1079700021208DF800001820BDF8001002F011F849
:1079800001B05DF804EB0421192002F00AB830B50B
:1079900081B0FFF7EBFF00214CF21800244D254C7D
:1079A00001F0ABFF2880002144F2190001F0A5FF8F
:1079B000207029882078ADF800109DF8002002F092
:1079C000AC02202A03BF00F0E700042801200020B9
:1079D000607001B030BD30B581B00546164C01F085
:1079E000F7FF208001462846814208D001F0FFFFC2
:1079F00001F0EEFF2080A84218BF002000D1012036
:107A000001B030BD10B50D4C00222280002147F698
:107A1000FE7001F072FF2080C0F3803111B14FF091
:107A2000FF3010BDC0F30D0010BD00007814002021
:107A30007A1400207C1400207E1400208014002082
:107A400080040014704705221E21427081710A22B1
:107A50000021C27101727047002303708370C370EC
:107A60000371437170470022027242727047002214
:107A70000121027241727047427A62B1027A52B9B0
:107A800082798A4207D20121017200230370837038
:107A9000C370037143717047027A012A05D1C2791C
:107AA000914202D200230372437270470023037095
:107AB0004370438003710372C380704700230370D7
:107AC000438003710372C380704700214170704787
:107AD00070B504460D46207803286FD8DFE800F023
:107AE00002186E5A2279012A68D195F906204FF4BE
:107AF000487012FB00F04FF4FA7100B201F0A6FFDB
:107B000000F026F90020608001212170607870BDAE
:107B1000E989012032292DDB294E42F2EA21304643
:107B200001F09CFF2749304601F09AFF304601F0F2
:107B300099FF2549254AB1F91010254B118048437A
:107B400093F905104143304601F08EFFEA8995F91B
:107B500006304AF6AB205043800C10FB03F00021A6
:107B600000B200F0EDF8E989E1800120FFF792FB17
:107B7000032022E06288B2F5487F06DB042904DC9A
:107B8000607001F073FF002017E0B2F57A7F14DB1C
:107B90000220F5E761880320B1F5FA6F09DA94F95C
:107BA0000810012908BF042007D011F1010F04D1EA
:107BB0000420607001F05AFF00202070607870BDD2
:107BC0002001002016DDFFFF941100208414002006
:107BD000E810002030B490F8221000220125012383
:107BE0000024042914BF05290025C1890529B8BF2F
:107BF000012290F8251001B1002390F9120000B97C
:107C000001242A401A402240501E804130BCC0430B
:107C1000C00F704710B50446324801F02DFF208494
:107C200001F030FF00EB40014A0011B290B2002990
:107C300044BF08464042A281E08101F029FF84F858
:107C4000230001F02BFF84F8240000F073F884F87F
:107C5000220001F029FF00EE100AF8EEC00A9FEDA5
:107C6000200A80EE800ABDEEC00A10EE100AA08342
:107C700001F020FF00EE100AF8EEC00A9FED180A8E
:107C800080EE800ABDEEC00A10EE100AE08310BD3F
:107C900000B581B001F0EAFE0021002000F050F8AC
:107CA00001F00EFF10480068416800224A804168D8
:107CB0004A6040688260012001B000BD40F22D1191
:107CC000884201DA40087047C820704701284FF405
:107CD0007A710CBF054841F2883001F0B7BE000050
:107CE000F4FDB43F40030020DC05002078ECFFFFEA
:107CF000817C491C81747047827C511E817470475D
:107D000030B5044681B060680D4638B9FAF7A8FA74
:107D100000B901206060002001B030BDFAF7A0FA80
:107D20006168401AA842F6D30020606001B00120CB
:107D300030BD00000149086801F0C8BEDC05002024
:107D40000A46024B0146186801F0C3BEDC0500205C
:107D50000149086801F0C4BEDC05002010B50446E6
:107D600000212180B4F9040008B90121A1802089F3
:107D700010B94FF4167121814FF42F72E2800A215D
:107D80000020FFF7DDFFFFF7E3FF0120607310BD68
:107D900030B5044681B008462188491C21808AB24A
:107DA000E388934205D2FFF773FF0020607301B0B0
:107DB00030BD0D4A89B232F9115021898D42A8BFD8
:107DC0000DB242F6AB22658015FB02F2121490F957
:107DD000060001B0BDE8304002EBD27212FB00F0A9
:107DE0000A2100B2FFF7ACBFB0B200080023437312
:107DF000038043807047000000230370012243701A
:107E0000837083808271C27170474FF0010C80F8DB
:107E100000C041708270838080F806C080F807C07F
:107E2000704710B50446A079012827D16078022850
:107E300002D1FFF72DFF1FE0032805D11E4890F95E
:107E40000600FFF743FF17E0052804D1FFF720FFE6
:107E5000FFF7F1F905E0062807D1FFF719FFFFF753
:107E600000FA1548FFF744FF06E0072804D1FFF7A2
:107E7000D2F91148FFF740FF0220A07110BD10B5E4
:107E80000446E079012815D1A278012A10D0A088F3
:107E900081420FD2022A02D1FFF7FAFE08E0052A3A
:107EA00006D1FFF7F5FEFFF7C6F90348FFF720FFFD
:107EB0000220E07110BD0000C80E002030B4DFF8D1
:107EC000BC1030BB086800F4C060B0F5806FD1F81A
:107ED000800020F48070C1F880004BD10868DFF882
:107EE000A050DFF8A040012262F34A20086032204F
:107EF0002A684243A2FB0443D80C401C00E0401E09
:107F00004B695A0501D50028F9D14869410529D4A2
:107F100030E0B0F5007F28D1086800F4C060B0F50B
:107F2000806FD1F8800040F48070C1F8800021D1CA
:107F30000868DFF84C50DFF84C30012262F34A2029
:107F4000086032202A684243A2FB0334E00C401C44
:107F500000E0401E4B695A0501D50028F9D1486957
:107F6000410507D530BC032070470A68022060F342
:107F70004A220A60002030BC7047000000700040B8
:107F80001406002006BD37862DE9F041040082B0BA
:107F900000F016822178DFF89066C8071AD5B1681C
:107FA000F06801F00C010C290BD100F0030003284C
:107FB00009D06068B0F5803F30D1306840F480303F
:107FC0003DE00829F5D13068810303D560680028B9
:107FD00000F0F681217888076AD5B168F06801F071
:107FE0000C010C294CD100F0030002284AD0E068B3
:107FF000002800F08280316841F480713160FAF726
:108000002FF90546316848056FD4FAF729F9401B66
:108010000328F7D3032002B0BDE8F081B0F5A02F0C
:10802000316806D141F480213160306840F48030FD
:1080300005E021F480313160306820F48020306028
:10804000606870B1FAF70CF9054631688803C1D44D
:10805000FAF706F9401B6528F7D3032002B0BDE804
:10806000F081FAF7FDF8054631688803B2D5FAF7D2
:10807000F7F8401B6528F7D3032002B0BDE8F08174
:108080000429B4D13068410503D5E068002800F028
:1080900097817168206921F0FE4141EA00617160B9
:1080A000DFF89015086800F071FC002840F0888126
:1080B0002078010749D560690028D6F894002FD0B0
:1080C00040F00100C6F89400FAF7CAF84FEA00053C
:1080D000D6F89410880738D4FAF7C2F8401B032862
:1080E000F6D3032002B0BDE8F0817168206921F069
:1080F000FE4141EA00617160DAE7306820F4807087
:108100003060FAF7ADF8054631684805D0D5FAF782
:10811000A7F8401B0328F7D3032002B0BDE8F08185
:1081200040084000C6F89400FAF79AF84FEA0005B4
:10813000D6F89410880708D5FAF792F8401B032860
:10814000F6D3032002B0BDE8F0812178480772D54C
:10815000B16D0025C80009D4B16D41F08051B16501
:108160000125B06D00F0805000900098DFF8C874D1
:108170003968C80513D4396841F480713960FAF759
:108180006FF880463968C80509D4FAF769F8A0EB9A
:1081900008000328F6D3032002B0BDE8F081A068F0
:1081A000012804D1D6F8900040F0010014E0052821
:1081B000D6F8900008D140F00400C6F89000D6F838
:1081C000900040F0010007E040084000C6F8900031
:1081D000D6F8900020F00400C6F8900041F28937EC
:1081E000A06888B1FAF73CF84FEA0008D6F890008A
:1081F00081071BD4FAF734F8A0EB0800B842F5D396
:10820000032002B0BDE8F081FAF72AF84FEA00082F
:10821000D6F89010880709D5FAF722F8A0EB0800E5
:10822000B842F5D3032002B0BDE8F0811DB1B06DB6
:1082300020F08050B065207881062CD5A0690028F8
:10824000D6F8980013D040F00100C6F89800FAF76D
:1082500007F80546D6F8981088071CD4FAF700F8F6
:10826000401B0328F6D3032002B0BDE8F08140088C
:108270004000C6F89800F9F7F3FF0546D6F89810C5
:10828000880708D5F9F7ECFF401B0328F6D3032035
:1082900002B0BDE8F081E069002800F09580B16887
:1082A00001F00C010C295ED00228306820F08070AB
:1082B000306040D1F9F7D4FF05463168880108D510
:1082C000F9F7CEFF401B0328F7D3032002B0BDE827
:1082D000F081F268DFF86403216A0240606A0A43B1
:1082E000401E42EA0012216BA06A490842EA0022BD
:1082F000606B491E400842EA4152401E42EA406219
:10830000E06A42EAC062F260316841F08071316037
:10831000F06840F08070F060F9F7A2FF0446306822
:10832000810151D4F9F79CFF001B0328F7D30320E8
:1083300002B0BDE8F081F168DFF804038908890024
:10834000F160F1680140F160F9F78AFF0446306896
:10835000810139D5F9F784FF001B0328F7D30320E7
:1083600002B0BDE8F08101282AD0F068216A00F04F
:1083700003028A4201BF00F0F0021032616AB2EBE0
:10838000011F1DD1A16A00F4FE42B2EB012F02BF12
:1083900000F07842E16AB2EBC16F11D1216B00F4B9
:1083A000C00202F500124908B2EB415F08D1616BCF
:1083B00000F0C06000F100704908B0EB416F03D0DD
:1083C000012002B0BDE8F081002002B0BDE8F081DC
:1083D0002DE9F04704460027002C884677D0DFF8C7
:1083E0006452286800F00F00404509D22968090945
:1083F00048EA01112960286800F00F00404566D165
:108400002068DFF82462C10764D56168032930D190
:10841000326891015BD5F168F268C2F30312521C15
:1084200001F00301032907BFDFF81C12B1FBF2F2D0
:10843000DFF8FC31B3FBF2F2F168C1F306215143DE
:10844000F268C2F34162521C5200B1FBF2F1DFF854
:10845000FC2191421DD3B16811F0F00F03D08107C8
:1084600017D5A068A8B9B068082161F30710B060FB
:108470000EE0022928D13068810328D500F08AF85F
:108480007249884205D3B168082060F30711B160D2
:10849000802741F28939B1686068890840EA810122
:1084A000B160F9F7DDFE8246B168606801F00C0149
:1084B000B1EB800F0ED0F9F7D3FEA0EB0A004845D0
:1084C000F2D30320BDE8F08731684805D6D40120F7
:1084D000BDE8F0872068810714D5420703D5B0684E
:1084E00040F4E060B0602078010704D5B06807214F
:1084F00061F30D20B060B168A06821F0F001014384
:10850000B16005E0802F03D1B06820F0F000B060CA
:10851000286800F00F00804517D22968090948EA49
:108520000111296041F28937F9F79AFE81462868DE
:1085300000F00F00404508D0F9F792FEA0EB0900CB
:10854000B842F4D30320BDE8F0872078420705D570
:10855000B168E06821F4E0610143B16021780A0765
:1085600006D5B068216920F4605040EAC100B060CF
:1085700000F010F8B2683649C2F303128B5C2B4945
:1085800003F01F03D8400860BDE8F04729480068A1
:1085900000F0FCB92F48016801F00C01042901D159
:1085A00023487047016801F00C01082901D12648D1
:1085B0007047016801F00C010C2918D1426841682C
:1085C000C1F30311491C02F00302032A0CBF1E4A27
:1085D000174AB2FBF1F241684068C0F34160C1F351
:1085E0000621401C51434000B1FBF0F070470020D1
:1085F00070470E48006870470C48164B00681A68B0
:108600001549C2F30222895C01F01F01C84070477E
:108610000648104B00681A680F49C2F3C222895CF1
:1086200001F01F01C84070470010024014060020EE
:108630000024F400EC050020007000400C809F0135
:10864000FFFFEEFE0020024000127A0001B4C404D5
:10865000D8D100080810024050D300082DE9F0439B
:10866000074681B03968DFF8B06208034FF00008B0
:108670005ED5F16C0024C80009D4F16C41F0805142
:10868000F1640124F06C00F0805000900098DFF855
:108690008C52286840F480702860F9F7E1FD81462B
:1086A0002868C10508D4F9F7DBFDA0EB0900032811
:1086B000F6D34FF0030836E0D6F8840010F440708B
:1086C0001CBF396D884211D0D6F88400D6F88410CA
:1086D00041F48031C6F8841020F44070D6F884103C
:1086E00021F48031C6F88410C6F88400C00712D582
:1086F000F9F7B6FD4FEA000941F28935D6F8840052
:10870000810708D4F9F7ACFDA0EB0900A842F5D326
:108710004FF0030807E0D6F88410386D21F440715B
:108720000143C6F884101CB1F06C20F08050F06456
:108730003878C20705D5F16F7868890840EA810169
:10874000F1673978880705D5F16FB86821F00C0119
:108750000143F1673978480705D5F16FF86821F0D2
:1087600030010143F1673978080705D5F16F3869A1
:1087700021F0C0010143F1673978C80605D5F16FD2
:10878000786921F440710143F1673978880605D58D
:10879000F16FB86921F440610143F1673978480607
:1087A00005D5F16FF86921F440510143F16739783B
:1087B000080605D5F16F386A21F440410143F1679D
:1087C0003968C80505D5F16F786A21F44031014355
:1087D000F1673968880307D5D6F89010B86A890818
:1087E00040EA8101C6F890103968880505D5F16F17
:1087F000F86A21F440210143F167396848050DD535
:10880000F16F386B21F440110143F167396BB1F519
:10881000801F03D1306840F480103060396808054B
:108820000DD5F16F786B21F440010143F167796B4D
:10883000B1F5800F03D1306840F4801030603968A2
:10884000C8040DD5F16FB86B21F040710143F16799
:10885000B96BB1F1807F03D1326842F4801232608B
:10886000386882040DD5F16FF86B21F04061014347
:10887000F167F96BB1F1006F03D1306840F48010FB
:108880003060396848040DD5F16F386C21F04061D3
:108890000143F167396CB1F1006F03D1306840F4E6
:1088A00080103060396808040DD5F16F786C21F0C4
:1088B00040510143F167796CB1F1805F03D13068B9
:1088C00040F4803030603968C8030DD5F16FB86C62
:1088D00021F040410143F167B96CB1F1804F03D100
:1088E000306840F480303060396848030FD5D6F8DE
:1088F0009010F86C21F440110143C6F89010F96C07
:10890000B1F5001F03D1306840F48010306040465C
:1089100001B0BDE8F08300000C1002400070004080
:10892000F0B5044681B0207800280CBFA5686568C2
:10893000E268022A03D3A1694D19521E05E0012AFB
:1089400004D1B4F902502D040022E260E91305EBD2
:1089500011463614012813D10B4F06EB460149008E
:108960003980606901F0C6F800EB40014900798068
:10897000361A206931B201F0C1F865600646350447
:10898000A560304601B0F0BD7014002070B50F4EE8
:108990000446B0680025A8B14FF47A710C4AB1FBC7
:1089A000F0F11068B0FBF1F0FAF719FE50B9102C95
:1089B00008D2002221464FF0FF30FAF7CFFD746055
:1089C000284670BD0125284670BD00BFE80500207F
:1089D0001406002070477047704770477047704713
:1089E00070477047704770477047704770477047CF
:1089F00070477047704770477047704770477047BF
:108A000070470000BBBBE1B1B2F5803F80F07E80D3
:108A1000022A1ED98C46B1FBF2F102FB11C31B04E2
:108A200043EA1043B3FBF2FC02FB1C3380B240EA82
:108A30000343B3FBF2F002FB103240EA0C40002388
:108A40007047022A05D98446B0FBF2F002FB10C23F
:108A500070474AB105D100F0010249085FEA3000D1
:108A6000704700220023704701F084B80B00020019
:108A7000002100207047904271EB030CF6D3B3F550
:108A8000803F2FD2F0B5B3FA83F7B1FA81F4A7F1A2
:108A90000F0E3D1B5340CEF1200602FA0EF2F341B9
:108AA0005340B5F10F0746D80F3C2C444140C4F168
:108AB0002006A040F1414140B1FBF3F603FB161143
:108AC000A2FB0645001BA94102D2761E801859411F
:108AD00080EA010221FA0EF362FA0EF200215A40F6
:108AE0003046F0BD30B4B1FBF3FC03FB1C11A2FB1C
:108AF0000C45001BA94103D2ACF1010C801859416F
:108B000030BC02460B46604600217047B2F1807FC0
:108B100065D3F0B5B2FA82F7B1FA81F4C7F10F0666
:108B20003D1B22FA06F307F1110EF24120355A409F
:108B3000B5F10F07B8D94140C4F12006A040F1417A
:108B40004140B1FBF3FC03FB1C11A2FB0C45001BD5
:108B5000A94103D2BCF1010C801859410F2F12D347
:108B60000F3FC90341EA5041B1FBF3F603FB161175
:108B7000A2FB0645D4EBC030A94102D2761E801874
:108B8000594146EACC3C07B34140C7F12006B84002
:108B9000F1414140B1FBF3F603FB1611A2FB064580
:108BA000001BA94102D2761E8018594180EA0102B9
:108BB00021FA0EF3C7F1200462FA0EF20CFA07F064
:108BC0005A402CFA04F13043F0BD80EA010221FA48
:108BD0000EF3002162FA0EF260465A40F0BD8C4658
:108BE000B1FBF2F102FB11C31B0243EA1063B3FBBA
:108BF000F2FC02FB1C331B024CEA002043EA106328
:108C0000B3FBF2FC02FB1C331B024CEA002043EADC
:108C10001063B3FBF2FC02FB1C331B024CEA002086
:108C200043EA1063B3FBF2FC02FB1C324CEA002067
:108C3000002370472DE9F0430746604D81B00C4694
:108C400005F1E40000F097FF5D485E4EDFF8789193
:108C5000DFF87881C5F8B40000215D4885F87C1004
:108C6000C5F8AC0000F08CFF01F03AF8304600F097
:108C7000C2F9C5F894605748574EC5F89000304681
:108C800001F068F8D5F8901033464246484601F0A6
:108C9000C2F8D5F89410D5F89000C5F8A0903246E7
:108CA00001F0C0F8404601F0CFF8DFF83091DFF86E
:108CB0003081484600F09FF9404600F09CF9494851
:108CC000C5F8A400C5F89890C5F89C8001F0BEF8DE
:108CD0004548D5F8A410DFF81481C5F8B000C0F8F5
:108CE0001011C0F80C51404601F0BDF84048C5F8DD
:108CF000B800C5F8A88001F0C9F8002001F0CEF84E
:108D0000012085F82400D5F8900001F0FFF82861D3
:108D1000D5F8900001F0FAF8009005F1C801BDF80F
:108D20000200A882C5F88C102B46D5F8902005F1DA
:108D3000E40105F1C80001F0F4F8D5F8900001F065
:108D4000FAF80146D5F88C00002200F0C2FED5F8F2
:108D50008C0038602E64D5F89C00D5F89810D5F8B2
:108D600094202863E9620021D5F8AC00A863696308
:108D7000E9636964A96405F1E4002865AA62D5F88D
:108D8000A810D5F8A400D5F890206965A865002141
:108D9000E96500202866A866E86628676867A8670E
:108DA000EA6405F12800D5F8B01069662060012258
:108DB00085F87C2001B0BDE8F08300BF941100204D
:108DC000EC03002020010020FC02002048020020CB
:108DD000D8010020A4010020800200204C010020C6
:108DE00078010020400300200C0000201803002020
:108DF000D40300204348444981B0C0F8001804223D
:108E0000C0F80028C0F800180222D0F8001800911D
:108E1000009B3E49C0F80018C0F80028C0F80018B0
:108E20000122D0F8001800914FF00111009B016061
:108E300002600160082201680091009B3449C0F87B
:108E4000001CC0F8002CC0F8001CD0F8001C0091D9
:108E50001021009A2F4AC0F8002CC0F8001CC0F85E
:108E6000002C4FF48072D0F8001C0091009B2A491E
:108E70000160026001604FF40072016800914FF4DC
:108E80008131009B0160026001604FF48042016803
:108E90000091009B21494FF4A0330B600A600B60E6
:108EA0004FF48062096800914FF48231009B0160A9
:108EB000026001604FF48052016800914FF48831E4
:108EC000009B016002600160016800914FF4004165
:108ED000009A4FF4C032C0F80024C0F80014C0F863
:108EE0000024D0F8001400914FF40061009A4FF470
:108EF000843202600160026000680090009901B055
:108F0000704700BF1C00004804000100020001007F
:108F10000800010010000100000101001C100048C1
:108F20002DE9F0470446DFF8AC802B48DFF8AC9021
:108F3000C8F8CC0084B00D4616461F46B9E80E545A
:108F4000A0E80E54B9E80E54A0E80E54303800944E
:108F50003B463246294600F0F1FFD8F8CC0000F03D
:108F6000FAFFD8F8CC002322002100F0FEFFD8F849
:108F7000CC002422012100F0F8FFA9F13009C8F843
:108F8000D080B9E80F50A8E80F50B9E80F50A8E812
:108F90000F50DFF84C904846A8F1300800F0EAFF87
:108FA0000C9AD8F8CC100F480F4B00900292019108
:108FB0004946D8F8D0000D4A00F0DEFFD8F8D000BE
:108FC00000943B463246294600F0B8FF04B0BDE8A5
:108FD000F08700BF80120020980300206803002063
:108FE000A004002071D30008CF32000891CC000803
:108FF000006800F0E5BF018842888180C2800022BD
:10900000018C41848260826270470000F0B40146A6
:10901000FF220E79DFF878335FF0000503EB85005F
:10902000006C58B10479B44202BF046808688442F5
:1090300008D06D1CEDB2042DF0DB06E0042AF8DD4B
:109040002A46F6E72A460425F3E71446042C7BDA81
:1090500003F1400603EBC40046F8241000258561A7
:109060000D68A868C60739D4686820F004006860F5
:1090700004262E602027686820F0200068602F609A
:10908000AE68DFF81003064046F00046AE60A86800
:10909000C00FFCD12868C00720D4AE68BE48064087
:1090A00046F00106AE602E68F60717D4AF68074099
:1090B00047F00107AF602E68F7070FD4AE6806408F
:1090C00046F00106AE602E68F60707D4AF68384058
:1090D00040F00100A8602E68F007DED504EB4406DE
:1090E00070001C180025257062711C1D225401247B
:1090F0000868036B1B091B0103630D792B462E4681
:109100000A2B04FA05F545EA866504D203EB43030E
:1091100045EA035506E00A3B03EB430345EA0355E2
:1091200045F0007500F11403E80D00F004008968B3
:10913000C0182D0D05F01F0504680723AB409C43A4
:1091400001FA05F5254305601046F0BC70470000A4
:10915000F0B5044604EB44038D4A92F8385002EB14
:109160004303002619780427002941D106EB460E57
:109170004FEA4E0112F801C0BCF1010F04D0761C79
:10918000F6B2042E14D115E002F1050C1CF801C052
:1091900060450BD21E7183F805C0561D70540CEB50
:1091A0004C06111D760088550426E8E73746E6E7A9
:1091B000DCDB11E0042F08BF05460DD007EB4706A6
:1091C0007600511D895D1F715971571DB85501EB0E
:1091D0004107161D790070540121197005EB4506F1
:1091E000002159707600511C895D012918BF054680
:1091F0006A4982F8385091F86A0080BB02EB84011A
:109200000124096C0D79AC400A2D44EA856404D22E
:1092100005EB450544EA055406E00A3D05EB450526
:1092200044EA055444F00074086800F13005A40EC7
:10923000286864F38A1028600C685748266CA56873
:10924000054045F00405A560086804686407FCD57E
:10925000006C58800221587982F83800597058887B
:10926000F0BD4B4B93F83A200146002022B9012073
:1092700083F8391083F83A007047454991F83A204D
:10928000022A4FF6FF7003D1888F002281F83A201E
:10929000704710B53E4C94F83A0001281CD194F860
:1092A0003900FFF755FFA08794F8390000EB400321
:1092B00004EB4303597811B1022384F83A3004EBEC
:1092C000C003996941B1002284F83A20DA69A18F7C
:1092D0009B69BDE81040184710BD2D4890F83A0032
:1092E00070472B4991F8380000EB400252008B5C2C
:1092F000012B00D0704730B401EB80000425006CD6
:109300000468256001240579AC400A2D44EA85648F
:1093100004D205EB450544EA055406E00A3D05EB99
:10932000450544EA055444F00074036803F1300530
:10933000A40E2B6864F38A132B601144036816484B
:109340001D6C9C68044044F004049C6001234B7035
:1093500030BC70470E4890F8382002EB420100EB19
:10936000410191F801C0BCF1010F0BD100F14003A4
:1093700053F82220126813685B0703D5126C4A80E9
:1093800002224A70497980F83810704700000000C6
:1093900054130020C0FFFF3FC0FFFF7FD801002013
:1093A00050B1B0FA80F18840C91CC1F5846109054B
:1093B00001EBD021400570470146704730B540F2BF
:1093C000FF7C1CEA11541DBF1CEA1355644565451A
:1093D0003FE0641981EA030C6FF35F530CF0004C1B
:1093E00043F48013C90241F0004141EA505EC502D6
:1093F0001100A5FB020200284FF00000EEFB012047
:109400004FF00001E3FB052118BF42F001024018B4
:1094100000214941E3FB0E01A4F580640D0302D253
:1094200092184041494154F1010470DD450872F140
:10943000004250F1000051EB0451A1F5801102D41B
:1094400041EA0C0130BD40F2FF7E4CEA0E51002093
:1094500030BD0CEA1355644518BF654581EA030C1D
:109460000CF0004C41D050EA410E1CBF52EA430EB2
:1094700002E06146002030BD24422C441BD15FEA4B
:10948000050EF6D0090302BF01460020AEF1140E0E
:10949000B1FA81F5AEEB050401FA05FE0C35C5F114
:1094A000200100FA05F5C8404EEA000E6FF35F5345
:1094B00043F480139CE733F00043B3FA83F504BF11
:1094C000B2FA82FE75440B3D641BB5F1200E2FBF2E
:1094D00002FA0EF3AB40C5F1200E22FA0EFE38BFA1
:1094E00043EA0E03AA40641C7CE750EA410E14BF15
:1094F00052EA430E6FF000014FF4001515EB430FD5
:109500008EBF194615EB410F9DE7B4D830BDD4F19D
:109510000104B4F120050FDAC4F12005520828BF78
:1095200042F0010210FA05FE01FA05F57244E2BFAD
:10953000E0402843E1400FE0352C9ADCC5F12004DF
:1095400052EA400220FA05F218BF42F0010231FA55
:1095500005F0A1400A43002172F1004250F10000E1
:1095600051EB0C0130BD000070B491EA030F4FF0D5
:10957000004540F1B7806B40841A71EB030604D2BA
:109580006E40001BB141121973414FF4001C1CEBDB
:10959000410F34BF7CEB430683E00C0DA4EB135664
:1095A000362E00F37C80012E45EAC32341DC43EADA
:1095B000525312BFD20292025B08240545EAC12130
:1095C00041EA5051D2EBC020994125D407D1B0FADD
:1095D00080F610FA06F162D00020203608E0B1FAD9
:1095E00081F6B140C6F1200220FA02F21143B040E8
:1095F0004FEAF474B4EB465434F001064FEA7404B5
:109600000AD8D6F50016760D04F00044F04061FA51
:1096100006F25040F1404840C00A40EA415021F073
:10962000004128BF5FEA500550F1000044EBD12112
:1096300035E0DB0A45EAC121C90AB6F120050EDD95
:1096400042EA0242120CC5F1200603FA06F6EB408C
:1096500042EA06056D42984161F100010DE062FAAF
:1096600006F5F240554063FA06FC82EA0C02F3402C
:109670005A406D42904161EB030111F4801F05D106
:10968000641E620502D06D004041494121F4801101
:10969000430875F1004350F1000041EB045170BCE8
:1096A00070471CEB410F15D223F0004352EA4306EA
:1096B0000BD04FEA4C0CBCEB410F04D80C0D661ECE
:1096C000342EB7DDEBE7801A994150EA410608BF16
:1096D0000021E4E708BF1CEB430F28BF6FF0000137
:1096E000DDE70000841A71EB030603D2001BB141D1
:1096F000121973414FF4001C1CEB410F34BF7CEB7B
:10970000430442E00C0DA4EB1356352E4FDC45EA22
:10971000C323DB0A45EAC121C912B6F120050DDDDC
:1097200063FA05F6EB4086EA0305124218BF45F0DE
:109730000105C01851F100010CD213E062FA06F5E0
:10974000F2405540F3415A40B340F3405A4080182C
:10975000594107D349085FEA30005FEA350528BF61
:1097600045F0010501F58011420875F1004250F104
:10977000000041EB04514E0016F5001F70BC38BFCD
:1097800070470020090D090570471CEB410F10D2EE
:1097900052EA43060BD0BCEB410F05D80C0DAB438E
:1097A000661E342EB6DD02E0AB438018594170BC12
:1097B000704770BC70470000C1F30A5340F21E426C
:1097C000D31A0CDDCA0283F3070342EA505242F077
:1097D0000042DA4002EBE17282EAE17070476FEA20
:1097E000E17203F2E13008B182F0004070470000FE
:1097F00030B400250023012202FA03F4204218BFEE
:109800006D1C5B1C0F2BF7DB05F00105681E80410A
:1098100030BCC043C00F7047F0B50C46DFF8205293
:10982000DFF82062DFF820726870010A297081B0C9
:10983000002202213046F9F767FE642000900223DF
:10984000AA1C29463846FBF739FA00BF97F85D0095
:109850000228FBD0012202213046F9F755FE0120F3
:10986000FDF702FC200A28706C70002202213046AD
:10987000F9F74AFE642000900223AA1C29463846C4
:10988000FBF71CFA97F85D000228FBD001220221A9
:109890003046F9F739FE0120FDF7E6FBC021002034
:1098A00029706870002202213046F9F72DFE6420ED
:1098B00000900223AA1C29463846FBF7FFF900BF97
:1098C00097F85D000228FBD0012202213046F9F70B
:1098D0001BFE0120FDF7C8FBA978E87800EB01200A
:1098E0006881C4F30D04C0F30D00A881EC818442AB
:1098F0000CBF0120002001B0F0BDF0B50C46DFF830
:109900004051DFF84061DFF840716870010A29704A
:1099100081B0002202213046F9F7F6FD4FF47A704B
:1099200000900223AA1C29463846FBF7C7F90122FA
:1099300002213046F9F7E8FD42F2107000BF401EE8
:10994000FCD1B4B9002202213046F9F7DDFDC02276
:1099500000214FF47A702A70697000900223AA1CCB
:1099600029463846FBF7AAF9012202213046F9F7C9
:10997000CBFDA978E87840EA012001B0F0BD30B510
:10998000C0F30D0545F4804581B00C462846FFF72D
:109990002FFF60F3CF352146284601B0BDE83040A7
:1099A000ABE730B5C0F30D0581B00C462846FFF794
:1099B0001FFF45EAC035C4F30D042046FFF718FF2A
:1099C00044EAC034A1B2A8B201B0BDE8304023E7F8
:1099D00010B500211620FFF7D2FFC4B200211720D6
:1099E000FFF7CDFF00F03F0000EB841010BD70B515
:1099F0000646162006F03F04FFF7FAFEB6040546B9
:109A0000360E3046FFF7F4FEED0346EAC03645F069
:109A10001605B1B2A8B2FFF7FFFE1720FFF7E8FE68
:109A200005462046FFF7E4FEED0344EAC03445F066
:109A30001705A1B2A8B2BDE87040EDE60000000035
:109A40002814002000180048640E00200A46024B2B
:109A50000146186800F0BEBADC050020818270471C
:109A6000C1827047408B7047816070470149086828
:109A700000F0B9BADC0500200146C888498848438F
:109A8000000C70470149086800F0B1BADC050020FD
:109A90000149086800F0B5BADC05002001490868F2
:109AA00000F0B7BADC0500200149086800F0B9BA37
:109AB000DC0500200149086800F0C8BADC05002078
:109AC0000149086800F0D7BADC050020006800F002
:109AD000DABA01230373C181C282037643767047E9
:109AE00010B504460321206800F0D0FA012808BF11
:109AF000207610BDB0F90C0070470000F0B4B0F94A
:109B00000430B0F91450B0F91660B0F90620002402
:109B10004B43AAB1514382688F1806D5002AC8BFAB
:109B2000002906DD6FF0004703E0002A44BF00294A
:109B30000F4FC268BA4203DB0269BA42B8BF3A4665
:109B4000818BC78B0B4142FA07F1CB189D4206DA95
:109B5000EC1AA4182B46846018B2F0BC7047B342CC
:109B6000BCBFF41A3346A418846018B2F0BC704726
:109B7000010000807047002303704380838070479A
:109B8000F0B5054681B0E86E06688468476871687C
:109B900021F004017160042030602020716821F000
:109BA0002001716030600420796821F0040179603F
:109BB00038602020796821F02001796038604549BB
:109BC00045488C4204D1026842F40062026003E01E
:109BD000016841F400510160B168C80708D43046FB
:109BE00000F0C4FA40213160706840F040007060BD
:109BF000B868C1075CBF384600F0B8FA2168490868
:109C0000490021604FF47A70626834490A4062600A
:109C100004F118010A6842F008020A600B6843F474
:109C2000006341F8043B0E6846F008060E600A68BF
:109C300042F400620A60616941F001016161EA6E0B
:109C400092F82910022913D192F82A10012904BF91
:109C500092F82730032B12D121630321636943F06B
:109C6000010363612163B5F86410491E616215E068
:109C700095F8461091B992F82710012904D1B5F84A
:109C80006410491E616209E0032907D101212163A3
:109C90000321636943F00103636121636FF0800373
:109CA000236192F8281029B909E000BF6FF480728F
:109CB0002261401E2269D10501D50028F6D1E06855
:109CC00040F08000E06040F25550216A014321627B
:109CD00001B0F0BD002C0140102004E08FFFFFFD1B
:109CE0001848194981B00268D20712D4036843F0BA
:109CF00001030360026802F001020092009B0A69FE
:109D000042F001020A61016849084900016001B09E
:109D100070470A68D1F800C00C4B03EA0C0C4CF0F9
:109D2000200CC1F800C0086940F001000861D1F8BA
:109D300000C0074803EA0C0302401A430A6001B05E
:109D4000704700BF58100240040000408FFFFFFD25
:109D50007000000270B402460021106A036843F4E8
:109D60000063036041624FF0FF33B2F86E1092F867
:109D70007740B3FBF1F191662405B2F86C3003EB48
:109D8000830149005162002500F118010B6823F09E
:109D9000F00343EA14430B6092F877400B68240504
:109DA00023F4704343EA14230B606FF00101016157
:109DB000C36843F00103C360016841F00101016021
:109DC00092F87500002824DD10F0030100F00980EE
:109DD00002F128040026EBB26D1C44F82360491EF2
:109DE000F6D1800800F0158002F128030024E9B2C2
:109DF00043F821406D1CE9B243F821406D1CE9B2E3
:109E000043F821406D1CE9B26D1C43F82140401E0F
:109E1000EAD170BC704701604260836000228273A7
:109E2000C27370474261016190F82A200270B0F954
:109E30002C10B0F92E200904416012040021826028
:109E40004180C1608161704700F034BA10B50446AA
:109E500004F10C00FFF7DAF884F826002046BDE88C
:109E6000104000F03EBA10B50446207848B9201DD5
:109E7000FFF7CCF884F826002046BDE8104000F03B
:109E800060BA608A20820021E18210BD00218160D9
:109E90004160C160016101214161704710B584B02A
:109EA00002A900220A60009201A90A60262216492E
:109EB000029C12FB00F20A441460019B5360009C58
:109EC000D4600024009B1361D483009BC2F8163039
:109ED0000023019CC2F81A40138401EB8004002186
:109EE000D4F89800FFF7C0FDD4F89C000021FFF7DC
:109EF000BBFDD4F8900000F027FAD4F8AC0000F0D5
:109F00002BFA04B010BD00BF9411002081B0B0F94D
:109F10002E10ADF80010008EADF80200009801B0D0
:109F2000704701604260002183600173C18101823A
:109F3000C18201767047B0F92C00704781B0DDF81E
:109F400004C0017702620021436280F82C10C0F83F
:109F500028C001B070474169002918BF0847704701
:109F60008169002918BF084770474368002B18BF54
:109F70001847704700F0F2B9F0B581B004460846C2
:109F80001546069F079A0899C4F8C0102063C4F8C4
:109F9000C4201E460749084B084A0091214600F09C
:109FA000F2F96563A663E763204601B0BDE8F040BF
:109FB00000F0F4B979D3000839A400087DD3000873
:109FC000014600200A780B2A03D109230B708880F0
:109FD000012070470182C282022301220021037303
:109FE0000276417670470068072100F04FB800B54F
:109FF00081B0406800F0DFF901B05DF804EBFFF7D5
:10A0000079BD00B581B0006800F0D7F980B201B029
:10A0100000BD00B581B0006800F0CFF9000C01B0C0
:10A0200000BD00B581B08168B1F91A00B1F91C100A
:10A0300011FB01F110FB001000F0C6F947F6FF71AB
:10A040008842C8BF084600B201B000BD00B581B06B
:10A050008168B1F90400B1F9061011FB01F110FBA0
:10A06000001000F0B1F947F6FF718842C8BF0846FA
:10A0700000B201B000BD10B504466068FFF746FFAE
:10A08000A168086110BD00787047000010B5027823
:10A090000024142A0ED8DFE802F01821572D475566
:10A0A00057595B610D0D0B27292B3739414E3F0066
:10A0B0000A0057D003291CBF0129072903D0002219
:10A0C000802100F09FF9204610BD0A46032A49D09E
:10A0D000012A45D101240170204610BD072918BF6F
:10A0E0000D293FD00E2934E00E2918E00F2916E083
:10A0F000022914E0072918BF102933D0042918BFFA
:10A1000011292FD0012924E0112908E0122918BFB4
:10A11000072927D014291CE0122900E0042913D1B3
:10A1200001240170204610BD0A46132A06D10124DD
:10A130000170204610BD0A46042A13D0072A11D008
:10A14000052A06E006290DD0072902E0082900E0CB
:10A150000929AFD101240170204610BD0A0001D0A9
:10A160000C2AA7D101240170204610BD014681B000
:10A170008A68494802408A608A68D00027D48A6881
:10A180004648DFF81CC1024042F080528A6000233A
:10A19000DCF80000434AE0FB02235A0C00920098CE
:10A1A000A8B10098401E0090009880B10098401E11
:10A1B0000090009858B10098401E00900098002828
:10A1C00005D00098401E009000980028E9D18A68C8
:10A1D0003548024042F000428A608868C00FFCD1D6
:10A1E0000B682E4AD8071FD48B68134043F0010335
:10A1F0008B600868C30717D48868104040F00100DE
:10A2000088600B68D8070FD48B68134043F00103B4
:10A210008B600868C30707D48868104040F00100CD
:10A2200088600B68D807DFD58B68134043F00803BC
:10A230008B608868104040F020008860CB681B4825
:10A24000034043F40013CB608868024042F00402EC
:10A250008A6001B0704770B4C26E96681468536823
:10A260007568134A1540756090F86650102D0ED22F
:10A27000C56DD4F88020046E5519C565D3F88020CB
:10A280001419046690F866305B1C80F86630002272
:10A290000A804A8070BC7047C0FFFF5FC0FFFF7F2D
:10A2A0001406002047ACC5A7C0FFFF3FFFFFDF7FBC
:10A2B0008FFFFFFD002303708380C3808381C381F0
:10A2C00043820370036243620385038680F82C3067
:10A2D00080F82D3080F8323080F83330C18EC1855F
:10A2E000704730B4428B818B8A18018B520800234F
:10A2F00001B3016A9CB221F814205B1C048B9DB24F
:10A30000A54217D29CB221F814205B1C048B9DB28D
:10A31000A5420FD29CB221F814205B1C048B9DB285
:10A32000A54207D29CB221F814205B1C018B9DB280
:10A330008D42DED300218280C28080F8251030BC9F
:10A3400070470021018270470278012A03D1006919
:10A350000021FFF789BB70478168084700214182CF
:10A360000175417580F8961080F8971080F8981064
:10A3700080F8991080F89A1080F81B1180F81C1151
:10A3800080F81D11704781B030B1DDF804C0016064
:10A3900042608360C0F80CC001B0704710B504463D
:10A3A000206BE16B8847802084F8C800A16B206B8C
:10A3B000BDE81040084740697047014688884988D1
:10A3C00040EA0140704700000146002916DD0022E6
:10A3D0000B488142B4BF4FF0800C4FF4005C00BFCB
:10A3E00091FBFCF0604400EBD0704010604506D05B
:10A3F000521CD3B2062B8446F2D37047002070471C
:10A400000100200070B403461C785E889D882046B9
:10A410000E4329430A2826EA0202998003D111003B
:10A4200005D10B2402E0110001D00A2420461C7043
:10A430005A8070BC704700002DE9F0418AB0044694
:10A440000F4600207D09164698468DF8040013D06B
:10A450006D1E2A460021204600F0CEFA18B90B20C6
:10A460008DF80500ABE2D4F8C40007F01F0718B15F
:10A470002A46002100F0C0FA122F00F29D82DFE888
:10A4800017F09E021300A70094019B029B029E01FD
:10A49000CC01EF012202480259026B02E0019B024B
:10A4A0009B029B029B029E023178052088298DF831
:10A4B000050000F28B80DFE801F045898954896F3F
:10A4C0006F6F6F6F6F6F6F6F6F6F797989896F6F54
:10A4D0006F6F6F8989895B6589898989898989898C
:10A4E00089898989898989898989898989898989DC
:10A4F00089898989898989898989896F89898989E6
:10A500007979798989898989896F8989896F6F6F53
:10A510006F6F6F6F897989898989896F89896F6F71
:10A5200089898989898989898989898989895479E0
:10A5300079797979898989797989898989898989EB
:10A540006F6F6F007578D4F8C4002A46002100F0C0
:10A5500053FA2A460021204600F04EFA8DF80400F6
:10A560002DE27278204600F047FA8DF8040026E2CA
:10A570007278D4F8C4000021FFF7F7FC01208DF8B1
:10A5800004001FE27278D4F8C4000121FFF7EDFC4B
:10A5900001208DF8040015E27078B27800EB0222F9
:10A5A000204600F029FA8DF8040008E27078B278AD
:10A5B000337900EB0222F07802EB004202EB0362F7
:10A5C000204600F019FA8DF80400F8E10221F4E1C8
:10A5D0003178032288298DF8052000F2F081DFE828
:10A5E00011F08900C80089008900C800BA00BA00CB
:10A5F000BA00BA00BA00BA00BA00BA00BA00BA008B
:10A60000BA00BA00BA00BA00BA00BA00BA00BA007A
:10A61000BA00BA00BA00BA00BA009700AD00C8008C
:10A62000BA00BA00BA008900EE01EE01EE01EE01B7
:10A63000EE01EE01EE01EE01EE01EE01EE01EE01A2
:10A64000EE01EE01EE01EE01EE01EE01EE01EE0192
:10A65000EE01EE01EE01EE01EE01EE01EE01EE0182
:10A66000EE01EE01BA00EE01EE01EE01EE01C800CE
:10A67000C800C800BA00BA00BA00BA008900C80011
:10A68000BA00BA00BA00BA00BA00BA00BA00BA00FA
:10A69000BA00BA00BA008900C800EE01BA00BA00D8
:10A6A000BA00BA00BA00EE01EE01BA00BA008900A1
:10A6B0008900C800C800C800C800C8008900BA00E6
:10A6C000BA00C800EE01BA00BA008900C800C8008C
:10A6D000C800C800C800C800C800C800C800C8003A
:10A6E000C8008900EE018900D600D600D600BA0065
:10A6F000BA00BA0001AA204600F020FA00909DF8A6
:10A700000400012840F05B8101236A46F02166E1E4
:10A71000D4F8C400002800F05281002100F02EFC83
:10A720008DF800000123206B646B6A46F021A0477E
:10A7300001208DF804000AB0BDE8F081D4F8C4000F
:10A74000002800F03C81012100F018FC8DF8000089
:10A7500001236A4659E001AA204600F0EFF9009073
:10A760009DF80400012840F02A8102236A46F02166
:10A7700035E101AA204600F0E1F900909DF80400BF
:10A78000012840F01C8104236A46F02127E101AA38
:10A79000204600F0D3F900909DF80400012840F015
:10A7A0000E8104236A46F02119E1317807208DF8E3
:10A7B0000500204600F0EAFB8DF80400FFE002AD42
:10A7C00000200021002200230FC50FC50DF1080154
:10A7D000D4F8C020125C092A04D0CA70401C491C5D
:10A7E0001D28F5DBD4F8C0305A1D115C8DF8081017
:10A7F00002A9D4F8C0200244D3794B702023D4F8A6
:10A80000C0200244507A887002AA206B656BF02148
:10A81000A84701208DF80400D4E030797179F378ED
:10A8200000EB01223078717800EB0121B07801EB68
:10A83000004101EB0361204600F0F2FB8DF80400BB
:10A84000BDE03079717900EB01223078717800EB4E
:10A85000012109B2204600F0FDFB8DF80400AEE0B6
:10A860000DF1060000900DF10A03317802AA20468E
:10A8700000F0FAFBBDF90A305C48C3EB0311890014
:10A8800081FB0020801000EBD07002148DF80C00CA
:10A8900003A903128A700016BDF90620C8701212AF
:10A8A000BDF806004A7108714B700823BDF80820F6
:10A8B000BDF808008871120ACA71206B656B03AA83
:10A8C000F021A8477BE07079B17900EB01231BB23E
:10A8D00000937278B1783379F57902EB0120F27840
:10A8E00000EB024000EB036000EB800149004048B0
:10A8F00081FB002008444311307A317803EBD37395
:10A9000005EB00221BB2204600F0D6FB8DF80400B8
:10A9100055E0B078F17800EB01223078717800EBE7
:10A92000012112B209B2204600F0E3FB01218DF8AB
:10A93000041047E00C218DF8051002968DF80C806C
:10A9400002A82C4D294600F0E2FB00288DF80400F7
:10A9500041D02B792A6837E0002202A9D4F8C00040
:10A96000805CB8B10870521CD4F8C000805C88B11B
:10A970004870521CD4F8C000805C00280AD088704F
:10A98000521CD4F8C000805C20B1C870521C091D54
:10A99000202AE3DB202A05DA02A8C2F120011044B4
:10A9A00000F0B8FB206B656B202302AAF021A847BA
:10A9B00001228DF8042005E001218DF805109DF895
:10A9C000040040B100230022206B646BF021A047FB
:10A9D0000AB0BDE8F08101230DF10502FF21206BD3
:10A9E000646BA0470AB0BDE8F08100BF6766666689
:10A9F000898888886814002070B582B01646036A7A
:10AA000090F82C2053F82240436A53F82220012565
:10AA1000E1B1032937D005292CD006292DD00729EB
:10AA20002ED008294AD009294FD00A2950D00B2905
:10AA300051D00C2952D00D295DD00E2962D00F299A
:10AA400067D041296CD05B2907D070E0F1B200F0EB
:10AA500064FB0546284602B070BD06EB86035B002A
:10AA6000354983FB01011944491101EBD1710022E1
:10AA700009B21DE0106831B23FE0106831B243E026
:10AA8000106831B247E0F0B250B9204600F04FFBF9
:10AA9000014600222046FFF79DFA284602B070BD0D
:10AAA000F6B2012E44D1204600F045FB00220146BB
:10AAB0002046FFF70EF8284602B070BD204600F091
:10AAC0003DFB0090ADF800600EE0506831B214E03C
:10AAD000506831B218E0506831B21CE0204600F0F6
:10AAE0002DFB0090ADF802602046009900F02CFB91
:10AAF000284602B070BD906831B200F034FB2846A1
:10AB000002B070BD906831B200F02FFB284602B051
:10AB100070BD906831B200F02AFB284602B070BDCB
:10AB200031B2204600F025FB284602B070BD00255A
:10AB3000284602B070BD00BF8988888870B503467A
:10AB400082B05C6A93F82C0054F820501C6A54F8C8
:10AB5000204000200AB101261670812900F20582EA
:10AB6000DFE811F0820088008E00D5009400A2007A
:10AB7000A400A600C500070109010B01CD001501C5
:10AB80001B01210103020302030203020302030269
:10AB9000030203020302A800AE0027012D012F01CA
:10ABA000B4009A01A2010302AA01B301BB01C301CF
:10ABB000CB019A01A201D301DB01E301EB01F30117
:10ABC000FB014601620103020302030203020302C6
:10ABD000030203020302030203020302030236011B
:10ABE0003C017E018C010D010302030203020302FA
:10ABF000030203020302030203020302030203022D
:10AC0000030203020302030203020302030203021C
:10AC100003020302030203020302DB000302030236
:10AC200003020302030203020302030203020302FC
:10AC300003020302030203020302030203020302EC
:10AC4000FB000101C2000302050205020302030228
:10AC500003020302030203020302030203020302CC
:10AC6000030203020302050202B0BDE87040184669
:10AC700000F083BAA86A02B0BDE87040FFF79DBB40
:10AC8000A86A02B0BDE87040FFF7FDB9204600F0A9
:10AC900052FAC0EB00129200B64982FB0101881003
:10ACA00000EBD07002B070BD286871E0286875E0D4
:10ACB000286879E0286B02B0BDE87040FEF7DCBE82
:10ACC000E86A02B0BDE8704000F05ABA2046FFF7CB
:10ACD0008EF9C0EB00129200A64982FB0101881098
:10ACE00000EBD07002B070BDA34802B070BD20462A
:10ACF00000F024FA0090BDF9000002B070BD2046BB
:10AD000000F01CFA0090BDF9020002B070BD2046B0
:10AD100002B0BDE8704000F046BA204600F043FAA9
:10AD2000012820460CD100F040FAC0EB0011890048
:10AD3000904881FB0020801000EBD07002B070BD05
:10AD400000F0F9F9C0EB001292008A4982FB010180
:10AD5000881000EBD07002B070BD286802B0BDE86A
:10AD6000704000F02ABA286802B0BDE87040FEF7D3
:10AD700079BE68680CE0686810E0686814E02046F6
:10AD800000F0DCF90090BDF9020002B070BDA868C7
:10AD900002B0BDE8704000F012BAA86802B0BDE889
:10ADA000704000F00FBAA86802B0BDE8704000F033
:10ADB0000CBAE86B02B0BDE8704000F009BA00219F
:10ADC00000E0012102B0BDE87040184600F0D6B89E
:10ADD0001A69002A00F0CB80002104E01A69002AD9
:10ADE00000F0C580012102B0BDE870401846104750
:10ADF000996A93F82C2051F822200021130F022B7E
:10AE000014BF012BA969C2F30363022B1ABFC2F35B
:10AE10000362012AE969002900F0A98002B0BDE8B7
:10AE20007040084600F0D7B9996A93F82C2051F881
:10AE300022200021130F022B14BF012BA969C2F39A
:10AE40000363022B1ABFC2F30362012AE9690029D6
:10AE500000F08D8002B0BDE87040084600F0BEB939
:10AE6000686A00F0C5F9C0EB00129200414982FB0C
:10AE70000101881000EBD07002B070BD686A00F06C
:10AE8000B9F9C0EB001189003A4A81FB0202901027
:10AE900000EBD07002B070BD204600F0AEF900901B
:10AEA000BDF9000002B070BD204600F0A6F9009088
:10AEB000BDF9020002B070BD6969002957D002B027
:10AEC000BDE87040084600F09EB9204600F09EF9AB
:10AED0000090BDF9000002B070BD204600F096F968
:10AEE0000090BDF9020002B070BD204600F094F958
:10AEF0000090BDF9000002B070BD204600F08CF952
:10AF00000090BDF9020002B070BD204600F016F9B5
:10AF10000090BDF9000002B070BD204600F00EF9AF
:10AF20000090BDF9020002B070BD204600F07AF931
:10AF30000090BDF9000002B070BD204600F072F92B
:10AF40000090BDF9020002B070BD204600F071F91A
:10AF50000090BDF9000002B070BD204600F069F914
:10AF60000090BDF9020002B070BD02B1107002B0D5
:10AF700070BD00BF676666667A84A6340246892083
:10AF80009368002B1CBF10461847704730B581B03E
:10AF9000026A90F82C000124491E52F820500D2915
:10AFA00039D8DFE801F007090B393916262C323879
:10AFB00038383809284612E0284615E02846FEF7BA
:10AFC00085FD062828D1284600F03AF9204601B030
:10AFD00030BD2846FEF77AFD0028284604D1FEF74A
:10AFE0007FFD204601B030BDFEF7FDFF204601B0D9
:10AFF00030BD2846FDF7FCFF204601B030BD284695
:10B0000000F021F9204601B030BD2846FFF733F8A3
:10B01000204601B030BD0024204601B030BD000004
:10B0200030B501EB810481B06400094B056A84FBF3
:10B0300003132344591190F82C3055F8230001EBE9
:10B04000D17109B2FEF745FD012001B030BD00BF4E
:10B050008988888810B5036A90F82C4053F824003A
:10B06000FEF7B8FF012010BD2DE9F04381B08846FE
:10B07000416A90F82C0051F820104C691646994608
:10B080000125A4B1089F4146204600F0E0F8308039
:10B090004146204600F0E1F8A9F80000414620466C
:10B0A00000F0E2F8388001B02846BDE8F0830025C2
:10B0B000284601B0BDE8F083F0B50C461D4681B0CE
:10B0C000416A90F82C0051F820305F69BDF9186092
:10B0D0002146384600F0CFF82A462146384600F08F
:10B0E000D0F832462146384600F0D1F8012001B0B0
:10B0F000F0BD82B0ADF80010ADF80220026A90F801
:10B100002C30009952F8230002B000F01DB8002046
:10B11000704700000022F8F7F1B802460120137FC3
:10B12000994201D30020704782F82C107047806844
:10B13000B0F91E007047406800F0AFB881B0816878
:10B140000869009001B0704702B403220273012223
:10B15000BDF800104182BDF8021081820276002104
:10B16000417601B0704781807047C180704741844B
:10B170007047806841828182704790F82C00704748
:10B18000017869B9028A016A521AB0F91E10808CDE
:10B190005143CA1301EB124100EB214000B270474A
:10B1A000808A00B27047407E7047014600200A7BCB
:10B1B000012A08BFB1F90E007047008B7047B0F943
:10B1C00004007047B0F906007047B0F922007047DC
:10B1D000B0F904017047B0F904007047B0F90C10E1
:10B1E000B0F91400C1EBC13191FBF0F000B270472F
:10B1F000C08B7047B0F92400704781B08168C8687F
:10B20000009001B0704790F84800704781B08168A5
:10B210000868009001B0704781B08168486800906C
:10B2200001B0704781B08168D1F81600009001B07C
:10B23000704781B08168D1F81A00009001B0704762
:10B24000406800F030B800680121FEF71FBF01EB35
:10B25000410200EB82008089704701EB410200EB64
:10B260008200B0F90E00704701EB410200EB820052
:10B27000B0F91000704701EB410300EB83008281BD
:10B28000704701EB410300EB8300C281704701EB83
:10B29000410300EB8300028270474068C11300EB5A
:10B2A0001140001470470022C260826170470000A4
:10B2B0001E001E001E001E001E001E001E001E009E
:10B2C0001E001E001F001F001F001F001F001F0088
:10B2D0001F0020002000200020002000200021006E
:10B2E0002100210021002100220022002200220052
:10B2F0002200230023002300250026002800290027
:10B300002B002D002E0030003200330035003700B6
:10B3100038003A003C003E00400041004300450038
:10B32000470049004B004D004F00510053005500AD
:10B33000570059005B005D005F006100630066001C
:10B3400068006A006C006E00710073007500770081
:10B350007A007C007E0081008300850088008A00DE
:10B360008C008F0091009300960098009B009D0038
:10B37000A000A200A400A700A900AC00AE00B1008C
:10B38000B300B600B800BB00BE00C000C300C500DB
:10B39000C800CA00CD00CF00D200D500D700DA0027
:10B3A000DC00DF00E200E400E700E900EC00EF0071
:10B3B000F100F400F700F900FC00FE0001010401B7
:10B3C000060109010B010E011101130116011901FA
:10B3D0001B011E0120012301260128012B012E0142
:10B3E00030013301350138013B013D01400142018B
:10B3F000450147014A014D014F01520154015701D6
:10B4000059015C015E0161016301660168016B0124
:10B410006D0170017201750177017A017C017F0174
:10B4200081018301860188018B018D018F019201C9
:10B430009401970199019B019E01A001A201A40121
:10B44000A701A901AB01AE01B001B201B401B6017F
:10B45000B901BB01BD01BF01C101C401C601C801E1
:10B46000CA01CC01CE01D001D201D401D601D8014C
:10B47000DA01DC01DE01E001E201E401E601E801BC
:10B48000EA01EC01EE01EF01F101F301F501F70131
:10B49000F801FA01FC01FE01FF01010203020502AD
:10B4A0000602080209020B020D020E02100211022E
:10B4B000130214021602170219021A021C021D02BC
:10B4C0001F02200221022302240225022702280251
:10B4D00029022A022C022D022E022F0230023202F1
:10B4E00033023402350236023702380239023A0298
:10B4F0003B023C023D023E023F0240024102410249
:10B500004202430244024502450246024702480203
:10B51000480249024A024A024B024B024C024D02C7
:10B520004D024E024E024F024F024F025002500295
:10B53000510251025102520252025202520253026D
:10B54000530253025302540254025402540254024E
:10B55000540254025402540254025402540254023B
:10B56000540254025402540253025302530253022F
:10B570005202520252025202510251025102500230
:10B5800050024F024F024F024E024E024D024D0238
:10B590004C024B024B024A024A024902480248024C
:10B5A000470246024502450244024302420241026A
:10B5B000410240023F023E023D023C023B023A028F
:10B5C00039023802370236023502340233023202BF
:10B5D00030022F022E022D022C022A0229022802FA
:10B5E0002702250224022302210220021F021D023B
:10B5F0001C021A0219021702160214021302110287
:10B6000010020E020D020B020902080206020502D8
:10B6100003020102FF01FE01FC01FA01F801F7013A
:10B62000F501F301F101EF01EE01EC01EA01E8019E
:10B63000E601E401E201E001DE01DC01DA01D8010A
:10B64000D601D401D201D001CE01CC01CA01C8017A
:10B65000C601C401C101BF01BD01BB01B901B601F1
:10B66000B401B201B001AE01AB01A901A701A4016F
:10B67000A201A0019E019B019901970194019201F1
:10B680008F018D018B0188018601830181017F017A
:10B690007C017A0177017501720170016D016B0106
:10B6A00068016601630161015E015C015901570196
:10B6B000540152014F014D014A0147014501420128
:10B6C00040013D013B0138013501330130012E01BC
:10B6D0002B0128012601230120011E011B01190154
:10B6E0001601130111010E010B01090106010401EC
:10B6F0000101FE00FC00F900F700F400F100EF008A
:10B70000EC00E900E700E400E200DF00DC00DA0022
:10B71000D700D500D200CF00CD00CA00C800C500B8
:10B72000C300C000BE00BB00B800B600B300B1004B
:10B73000AE00AC00A900A700A400A200A0009D00DC
:10B740009B0098009600930091008F008C008A0067
:10B7500088008500830081007E007C007A007700ED
:10B760007500730071006E006C006A00680066006E
:10B77000630061005F005D005B00590057005500E9
:10B78000530051004F004D004B0049004700450059
:10B790004300410040003E003C003A0038003700C2
:10B7A00035003300320030002E002D002B00290020
:10B7B0002800260025002300220021001F001E0073
:10B7C0001D001B001A0019001700160015001400B8
:10B7D00013001200110010000F000E000D000C00ED
:10B7E0000B000A0009000800080007000600050019
:10B7F0000500040004000300030002000200010031
:10B800000100010000000000000000000000000036
:10B810000000000000000000000000000000000028
:10B820000000000000000000000000002DE9F043CF
:10B8300083B08848884F894C00F01CF9D7F89000F5
:10B84000FEF7B9FD8046FFF7C6FC0546D7F8AC0009
:10B8500001A900F028F9FDF77DFDFDF742FD0198F3
:10B8600000F024F90646294600F044F900907C498E
:10B87000207891ED000A00283ED1DFED700AB4EE89
:10B88000600AF1EE10FA56D5B7F91820D7F89C10D7
:10B89000100003D540428882388B03E08A82B7F9D2
:10B8A00018004042C882B7F91600D7F89810020075
:10B8B00003D552428A82F88A03E08882B7F91600DB
:10B8C0004042C882B7F91010DFF89891002907D5D7
:10B8D000494209B24846FEF7C1F8B7F9101006E030
:10B8E0004846FEF7BBF8B7F91010494209B248467E
:10B8F000FEF7B6F801201DE0DFED510AB4EE600A54
:10B90000F1EE10FA17DBD7F89C00DFF8589147F6F4
:10B91000FF728282D7F898108A82534AC282CA8202
:10B9200042F2EA214846FEF799F850494846FEF7A8
:10B9300097F800202070B7F91010BDF90000091A1F
:10B94000D7F89800FEF7DAF8ADF80800B7F912104A
:10B95000BDF90200091AD7F89C00FEF7CFF8ADF840
:10B960000A00DFED381A4248C289B0F9200000EE23
:10B97000102AB8EE400A60EE211AFDEEE11A11EE2F
:10B98000901A89B201EE901A00EE900AB8EE610AA0
:10B99000F8EEE00AC0EE200AB5EE001A30EE811A89
:10B9A000DFED291AB4EE611AF1EE10FAA8BF9FED8F
:10B9B000231A08DADFED251AB4EE611AF1EE10FA57
:10B9C00048BFB0EE611ADFED221A61EE211AFDEEDA
:10B9D000E11AD7F8B40011EE901AA7F88810018088
:10B9E00087ED311AC7ED300A87ED2F0A029900F072
:10B9F000B5F80446404600F0FFF82946204600F01E
:10BA0000FEF88046D7F8AC00414600F017F90199DE
:10BA1000009AC7F81640012839607E60FA60C7F8BE
:10BA20001A803D8405D10022012107F1E400FEF7D0
:10BA3000E9FC002003B0BDE8F08300BF3333733F5F
:10BA40006766863F0AD7A33C3433733F333373BFF3
:10BA500000FEFF46800200209411002011110020FA
:10BA600050140020200100200180FFFF16DDFFFFA1
:10BA7000C80E00200146086A426A886ED1F808C0E4
:10BA800092B24243D31302EB1342B1F90630487825
:10BA90001214CA8012FB00F08880D21A0CFA82F2CB
:10BAA0008A6000B2704742681047000001B481B05C
:10BAB000BDF90400BDF90620ADF8000001460B48B1
:10BAC00011FB00F044F6E61112FB01F1A0EB41007E
:10BAD000C01300F30F00ADF8020010F5004F04BFD3
:10BAE0000348ADF80200009802B070471AB6FFFF95
:10BAF0000180FFFF71B583B008B200F06BF90190CF
:10BB0000BDF90420BDF90C30BDF90600BDF90E10D9
:10BB100013FB02F400FB1144E41304F30F04ADF82B
:10BB20000040BDF900600B4CA64204BF0A4DADF8C1
:10BB3000005013FB00F011FB0200C01300F30F00D4
:10BB4000ADF80200A04204BF0348ADF8020000981F
:10BB500004B070BD0080FFFF0180FFFF12B581B00F
:10BB60002DED028B82B000910088BDF91640BDF921
:10BB7000141008EE100A204611FB01F110FB001012
:10BB8000FEF722FC1B4948600428D8BFB2EE040A25
:10BB900028DD00EE900AB8EEC80AF8EEE00A80EE62
:10BBA000200AF7EE000AB4EE600AF1EE10FA19D599
:10BBB000BDF9142001EE102A00EE904AB8EEC11A29
:10BBC000F8EEE00A21EE001A60EE800ABDEEC11A1E
:10BBD000FDEEE00A11EE102A10EE903AADF80020CA
:10BBE000ADF8023081ED000A009802B0BDEC028B86
:10BBF00002B010BD50140020B0F91000704711B50C
:10BC000083B008B200F0E6F80190BDF90420BDF958
:10BC10000C30BDF90610BDF90E0013FB02F410FB49
:10BC200002F210FB014401FB1321E413C913ADF828
:10BC30000040ADF80210009804B010BDF0B481B01F
:10BC400002B4BDF90010028EB0F850504A43BDF95D
:10BC5000021005FB01F35B425B00D1189A1A01EB5D
:10BC6000D17102EBD27249105210AD0800293FD5B4
:10BC7000002A14D58E1A731406EB933605EBA645ED
:10BC800016140B1402EBD63201EBD33105EB6242F2
:10BC9000A5EB614104240F462B46164666E01C14B2
:10BCA000002B03EBD43611DC9B1A591403EB9133B0
:10BCB00005EBA345131402EBD33205EB6242A2EB72
:10BCC000664103240F4613462E464FE0CB1A5A1402
:10BCD00003EB923305EBA3450B1401EBD331A5EB3A
:10BCE000614101EB6642022417460B462E463DE0B9
:10BCF000002A13D48E1A731406EB933605EBA6456F
:10BD0000161402EBD6320B1405EB624201EBD33171
:10BD10000124A5EB614117462B4626E01C14002B9D
:10BD200003EBD43611DCCB1A5A1403EB923305EB38
:10BD3000A3450B1401EBD331A5EB614101EB664246
:10BD400005242F460B46164610E09B1A591403EBA8
:10BD5000913305EBA345131402EBD33205EB62429A
:10BD60000024A2EB66412F4613460E4680F83A4067
:10BD70008787C387A0F84060002DD8BF002545867F
:10BD8000002AD8BF002282860029D8BF0021C186A0
:10BD9000B0F84E10012919D1B0F94820B0F854106C
:10BDA000438E002ACCBFCB185B1A4386B0F94A20D9
:10BDB000838E002ACCBFCB185B1A8386B0F94C3037
:10BDC000C28E002BCCBF8918511AC186816902B07E
:10BDD000F0BC0847044A054B0549136000B2081837
:10BDE00050609068704700BF000C02404000600047
:10BDF0000000FF7F70B582B00022ADF800206946D8
:10BE00007F4C804D204600F003F9D5F8B00000F0DB
:10BE1000B5F905F1E400FEF736F9122800F2EE80DC
:10BE2000DFE800F00A5B962594B3C8D1E2E7ECECBA
:10BE3000EC64707939454F00734E304600F0DAF902
:10BE4000002800F0DB800021304600F0D5F9FBF738
:10BE5000D9FDA5F88400B5F88400FBF7F1FD014693
:10BE6000A5F88610204600F0C9F90321C2E0664C0F
:10BE7000204600F0DFF928B90121204600F0BCF986
:10BE80000121B7E0D5F8AC0000F0D6F9142000F09D
:10BE9000FDF91021AEE000F0FFF9002800F0AE80BF
:10BEA000D5F8AC00002100F001FA1121A2E0D5F88C
:10BEB000AC00012100F0FAF9002800F09F80122167
:10BEC00098E0204600F012FA042105F1E400FEF7A4
:10BED000DDF8012840F092802FE0D5F8AC0000F0AA
:10BEE000ABF9142000F0D2F90D2183E000F0D4F971
:10BEF000002800F08380D5F8AC00002100F0D6F9CE
:10BF00000E2177E0D5F8AC00012100F0CFF9002830
:10BF100074D00F216EE0012085F824003B49D5F84C
:10BF2000900000F015FA384800F014FA022105F1EB
:10BF3000E400FEF7ABF8012860D10020FDF7AEFF6A
:10BF4000D5F8AC0000F02EFA02B070BD052151E02A
:10BF50002D4800F075FA40B9D5F89000FCF7E0FCE8
:10BF600000212982688202B070BDD5F8AC0000F0D3
:10BF700083FAD5F89000012100F0B0FAD5F89000CE
:10BF8000214600F0E5F9072134E0002000F0AAFA8C
:10BF90000020F7F7B9F8062105F1E400FEF776F87E
:10BFA000D5F8900000F09FFAD5F88C0000F0A3FAC5
:10BFB00002B070BDD5F88C0000F09DFA0020F7F7B4
:10BFC000A3F802B070BDD5F8AC0000F055FA00201F
:10BFD000FDF764FFD5F8B00000F0C4FA4FF44870E4
:10BFE00000F0CCFA082105E000F0CEFA30B10921CA
:10BFF00000E0002105F1E400FEF748F802B070BD52
:10C000008002002094110020FC0200204802002041
:10C010002DE9F04381B0D0F820E090F87560DEF8AB
:10C020000C2052085200CEF80C200022DEF82440EA
:10C03000B0F870C0A0F870200023DEF80070002572
:10C0400007F01007E20F1CBF6FF00108CEF8108058
:10C05000DEF80C8048F00108CEF80C8002EB0C0EE4
:10C0600040F6010824F00044C64524BF4FF0010902
:10C0700080F879909444B0F86E2002FB0CFCB0F884
:10C080007220A21A102F08D100F1280790F87880AA
:10C09000A2EB0C0247F8282006E000F1280E90F8E9
:10C0A000787062444EF82720002E20DD00F128072A
:10C0B000EAB26D1C57F82220EFB2B742134416DAE9
:10C0C00000F128026D1C52F82770FB18EFB2B7423E
:10C0D0000DDA52F82770FB186D1CEFB2B74206DA82
:10C0E00052F827706D1CFB18EAB2B242DEDB426ADE
:10C0F000B0F86E50534390F87520554393FBF5F21A
:10C100000A8083898281D31A438200F1280290F841
:10C11000783052F82350B0F86C304278A0F8724072
:10C120005D43B0F86E305543C26995FBF3F3458B20
:10C13000534393FBF5F3C38190F87820521C80F8A9
:10C14000782090F8783090F87520934204BF00234F
:10C1500080F8783090F8792042B10021C27880F8D8
:10C1600076100270084601B0BDE8F08300F016FAC0
:10C170000146084601B0BDE8F0830000F0B5044672
:10C1800081B0D4F80C01B0F90E10B0F90C30B0F950
:10C190001620B0F9180011FB00F6D4F8100113FBBB
:10C1A00002F5FDF769FCD4F80871104A7519784357
:10C1B000E91305EB114580FB021290112D1400EBE1
:10C1C000D070454305EB45067600094D204601B089
:10C1D00086FB0535A91001EBD171CF1301EB174197
:10C1E000BDE8F040091400F005BA00BFB5814E1B50
:10C1F00067666666C07B7047C17370474378026AA2
:10C2000011FB03F35FEA010CC180838004D54FF674
:10C21000FF73C1EB0141591AB0F86E00044B89B2AB
:10C220004143A1FB033C4FEA4C01090C51627047AA
:10C2300001800080807B7047C16ED0F86CC0896837
:10C24000012380F842306FF00102DCF808301A61F7
:10C2500000224A6300238B63CA630A69D307FCD5B3
:10C260004A6C42F400424A64C26E92F826100229D7
:10C270000AD1118CD2689161C26E518C12699161A0
:10C28000C16E888C49698861704700000149A1F836
:10C290008000704794110020034AB2F880100020FB
:10C2A00001B90120704700BF9411002030B5044649
:10C2B0000025080081B008D12046FEF74DF8B4F8FB
:10C2C0005200A4F8440070B909E001290BD1B4F878
:10C2D000440038B1401EA4F8440080B218B9216966
:10C2E000204688470125284601B030BD70B490F83B
:10C2F00075105FF0000231B300F128030024D1B2C1
:10C3000043F82140521C90F87550D6B2AE421AD272
:10C31000D1B243F82140521C90F87550D6B2AE42CB
:10C3200011D2D1B243F82140521C90F87550D6B2C8
:10C33000AE4208D2D1B243F82140521C90F8751099
:10C34000D5B28D42D8D3012280F8762070BC7047D8
:10C350004161704710B5044600226068002100F07A
:10C3600079F9B4F91410606800F0B6F9206800217A
:10C3700000F0B4F820680022002100F0B5F9E28A4C
:10C38000B4F91210206800F0AFF9E18A208A044A5B
:10C390004143A1FB02235A0A521CA28110BD00BFD7
:10C3A000986E128370B4C26E9568012180F86A108D
:10C3B0000022B0F8641080F8422049086963B0F8A0
:10C3C00064104908A963B0F864104908E963B0F83B
:10C3D0006410491F29646FF0010129612B69DA0794
:10C3E000FCD529616A6C42F480626A646A6C42F42A
:10C3F00000426A64C36E93F82620022A19D11A8C6F
:10C40000DE682B6A40F25554234209D0B261C36EF4
:10C410005A8C1B699A61C26E908C5269906108E0D7
:10C42000B262C36E5A8C1B699A62C26E908C52695A
:10C4300090622961E86840F00100E86070BC7047D4
:10C4400030B5044681B0A089012588B1401EA08185
:10C4500080B260B9B4F91400217E90FBF1F1A068BC
:10C4600009B2FFF7CBFEA573284601B030BD002509
:10C47000284601B030BD0000C16E8968CA68520804
:10C480005200CA60002390F8692080F84230012AE7
:10C4900017D04A6C22F480624A644A6C22F400424B
:10C4A0004A64C36E93F82620022A0AD11A8CDB68EC
:10C4B0009A62C36E5A8C1B699A62C36E9A8C5B69CE
:10C4C0009A626FF001020A61D1F810C05FEACC7382
:10C4D000FAD50A61002180F86A10704701700021C6
:10C4E000C1607047704710B504466069FDF702FBF4
:10C4F0000004606010BD10B5040032D0207E012819
:10C500002FD1227B0020012A04D011D3032A1DD071
:10C5100011D30DE0A068002180F82410012160688B
:10C52000FFF7DCFFE28AB4F90E10606800F0DCF877
:10C53000A8B1022014E0A068002180F824106068EF
:10C54000FFF7CCFFE28AB4F91010EEE7A0680122F1
:10C5500080F82420D4F812100161022000E00320AA
:10C56000207610BD10B504464FF48071FEF7D2FD61
:10C570000022A4F80021A4F8022110BD0149A1F86D
:10C580008200704794110020034AB2F88210002004
:10C5900001B90120704700BF94110020F0B40024BD
:10C5A0000122095FC37805780E0048BF4942878A97
:10C5B0008EB2B74238BF0124C68A89B2B14238BFB1
:10C5C0000124B0F912100E0048BF4942068B89B20F
:10C5D0008E4200D31CB19D4204DA6D1C02E09D42E4
:10C5E000B8BF0025E9B2994208BF00220570104685
:10C5F000F0BC7047F0B402460023B2F8004122F8C4
:10C600001410B2F80001A2F80201B2F80001401CB7
:10C61000A2F8000180B2802828BFA2F80031144699
:10C620005FF0200034F9025B34F9027B34F9026BCD
:10C630005B19DB199D1934F9023BEB18401EF1D14F
:10C64000981103EB5063DB11A2F804310846F0BCEB
:10C6500070470000134690F82C20002A00D0704745
:10C66000F0B41A0012D1458BC269818105EB8504B3
:10C6700002FB01F364004278418593FBF4F313FB62
:10C6800002F20023C2810385F0BC7047828E114CF8
:10C69000B0F90E605343A3FB04456C0AC2694578A8
:10C6A000641C048502FB01F3428B418502EB820787
:10C6B0007F0093FBF7F796FBF5F33FB21BB2FF1A2F
:10C6C0003F04A4B297FBF4F2554336040562466278
:10C6D000F0BC7047986E12834278018691FBF2F2AB
:10C6E000C2808180704700002DE9F04105460C466C
:10C6F000287817460126C8B9284600F043F8E98C87
:10C70000A142B8BF0026B5F928108C4221DB3100C8
:10C7100032D017BB2878270401280CBF6F60AF60A8
:10C720000021E960A9613046BDE8F0816868EA8BC4
:10C73000C11300EB11400014A242A4BFB5F92410AC
:10C740008C4206DB2B8C9C42BCBFB5F92220A24256
:10C75000DFDA00263046BDE8F0816C80A98B084AFC
:10C7600007FB01F8A8FB0223271A590A3F04491CBA
:10C7700097FBF1F0E960A8613046BDE8F08100BFA9
:10C78000986E12838068C11300EB1140001470474B
:10C7900000B54FF0A04081B040210160FFF746F89E
:10C7A00001B05DF804EB00F0DDB8674967486FF051
:10C7B00001020A6000F0ECB810B5634C2068020674
:10C7C00005D56FF080012160604800F0F5F8206821
:10C7D000C10505D56FF4807020605C4800F0F9F861
:10C7E000BDE8104000F00CB910B5594C206AC16882
:10C7F000CA0708D50169CA0705D56FF001010161B3
:10C80000204600F023F9206A026991020CD55149B3
:10C810000A78521C0A70D2B2032A02DD01238B70FF
:10C820004B716FF4001101610269510206D549494B
:10C8300001230B714B716FF48001016102691102D8
:10C8400006D544490123CB704B716FF4000101619F
:10C8500010BD10B5404CD4F82001C1698A060ED530
:10C86000416AC9B2204600F0F9F80088012802D1D7
:10C8700000F05EF903E0022808BF00F05FF9D4F889
:10C880002001C069000644BF204600F05DF9D4F8DD
:10C890002001C06900070AD5204600F087F9D4F8C6
:10C8A000201108200862BDE8104000F047B910BD13
:10C8B00010B500F087F9284C04E0022808BF00F00A
:10C8C0003DF900BFD4F82001C069000708D5204613
:10C8D00000F06CF9D4F820010821016200F02EF973
:10C8E000D4F82001C069000644BF204600F02CF9AE
:10C8F000D4F82001C1698906E4D5416AC9B220464D
:10C9000000F0ACF800880128D7D100F011F9D9E780
:10C9100010B5124C2078022805D100F063F9F6F723
:10C920006FFE002121702078401C2070BDE810406F
:10C9300000F060B90A4801684A0504D54FF48061E7
:10C94000016000F06BB97047102C0140D801002045
:10C9500080020020DC100020A0040020260D002012
:10C960001404014030B5094C0546D4F8CC0081B020
:10C97000FEF703FCA84206D1D4F8CC0001B0BDE814
:10C980003040FDF7EDBA01B030BD00BF801200208D
:10C9900030B4C56E2C68AA686968AB69E364463038
:10C9A000ED69CD64536803490B4043F07003536055
:10C9B00030BC70478FFFFFFDC16E8A68516C41F437
:10C9C00080615164012280F8682080F86920463037
:10C9D000704790F86910002902BFC16E91F82620B7
:10C9E000022A08D1CA680B8C93620A694B8C936245
:10C9F0008B8C49698B62012280F867204630704732
:10CA000010B5114C94F87C0001281BD1B4F87E00BD
:10CA100018B1B4F87E10481E02E0FFF7EBF90120D0
:10CA2000A4F87E00B4F8800020B1B4F88010481E4D
:10CA3000A4F88000B4F8820020B1B4F88210481E37
:10CA4000A4F8820010BD00BF94110020B0F870104F
:10CA5000491CA0F8701000207047000030B5054652
:10CA600081B095F81C012F4C002858D095F81D0175
:10CA7000020002D0012806D016E085F899102A4C51
:10CA8000298A698218E085F89A1095F81D0195F8B1
:10CA90009A10401C802985F81D0140DB002085F894
:10CAA0001D0101B0204630BD95F89A309B1C98427C
:10CAB0000ADA05F19902115495F81D01401C85F818
:10CAC0001D0101B0204630BD85F81B110020D5F8AE
:10CAD0002011164C6882086820F0200008600021B0
:10CAE00085F81C1105F1990000F0A4F895F81B11C8
:10CAF00088420BD195F89A3095F89910286805F17D
:10CB00009B02AD68A847204601B030BD0A208DF8D1
:10CB1000000001236A46FF21284600F0B9F82046AC
:10CB200001B030BDDA420008DC420008DE420008F5
:10CB300001484F2141807047200D0020014800210D
:10CB400041807047200D0020014691F8970060B3A6
:10CB500091F89800020002D0012802D003E0087D7D
:10CB60000AE0487D08E04B7D9B1C9842BABF01F16A
:10CB70001402105C91F89600D1F8202190624A7D51
:10CB800091F89830921C934203DA5B1C81F898303C
:10CB90007047D1F82021106820F08000106000223A
:10CBA00081F89720086849680847704700B581B048
:10CBB00008218DF8001001236A46FF2100F068F873
:10CBC00001B000BD10B5064CD4F8AC00FFF754FC22
:10CBD00004F1E400BDE8104000228021FDF712BC02
:10CBE00094110020024A1168906841181160704742
:10CBF000E8050020084991F87C00002800D1704722
:10CC000000B581B0FFF7FCFE00F084F801B05DF8DC
:10CC100004EB00F091B800BF9411002000B581B082
:10CC2000FBF788F820B101B05DF804EBFCF71EBFFC
:10CC300001B000BDF0B4002130B341780278521841
:10CC40000023F1B1841CD9B25B1C655C4178521998
:10CC5000DFB28F4215D2851CDCB25B1C2C5DDFB2CB
:10CC60008F4222440DD2DCB25B1C2C5DDFB28F42BE
:10CC7000224406D2DCB25B1C2C5DDEB28E42224422
:10CC8000E0D3110402EB1161F0BCC8B270470000A0
:10CC9000F0B5044681B094F89700C0BB180004F1C9
:10CCA0001605217563751DD013F0030000F0068092
:10CCB00012F8011B05F8011B401EF9D19B0811D089
:10CCC00012F8017B05F8017B5B1E12F8016B05F879
:10CCD000016B12F8011B05F8011B12F8010B05F896
:10CCE000010BEDD104F11400FFF7A4FF002184F83B
:10CCF000960084F898100120D4F8201184F8970049
:10CD0000086840F08000086001B00220F0BD0120FA
:10CD100001B0F0BD074890F87C10012900D07047A1
:10CD200000B581B0002000F01DF801B05DF804EB03
:10CD3000FCF7AFBA941100200949088810B10B889C
:10CD40005A1E0A804888022802D34A88501E48800A
:10CD50008888022802D38A88501E8880704700BFC6
:10CD6000200D00202DE9F04304462848DFF8A0906C
:10CD7000008881B0A046ADF8000009EB8805D5F821
:10CD8000A80000F047F807463DF818000740D5F81E
:10CD9000AC0000F05BF840EA0706200007D1BDF8C0
:10CDA0000070D9F8A40000F053F807403E4308EBA8
:10CDB000480009EB4007F04382B2314607F1E40036
:10CDC000FDF720FB07F1E400FDF75DF90A2808D024
:10CDD0000B2804BFD5F8AC00FDF7BEFA01B0BDE8E2
:10CDE000F083D5F8A00010B10021FFF705FAD5F8BF
:10CDF000AC00FDF7B1FA2046FDF750F8D5F8B000C9
:10CE0000FFF7B0FB01B0BDE8F08300BF9A50000807
:10CE10009411002010B504462078A0B994F826009B
:10CE2000FCF796F94FF6FF71884207D0238B228AD0
:10CE3000591E02FB0100B0FBF3F02082204600F0F7
:10CE400057F8E08210BD0020E08210BDC16908479C
:10CE5000F0B5044681B094F82600FCF779F94FF656
:10CE6000FF71884202463DD0236A94F8250023F8DA
:10CE700010200025208B0027060025D010F003018C
:10CE800000F008805FFA87FC33F81CC07F1C491E45
:10CE90006544F7D1800817D0F9B233F811107F1C20
:10CEA00069185FFA87FE33F81E5029447F1CFDB2D3
:10CEB00033F815507F1C29445FFA87FC33F81C5067
:10CEC0004D197F1C401EE7D1A280B5FBF6F0218BE7
:10CED00094F82520E080491E8A42B4BF521C0022EB
:10CEE00084F82520204600F010F8208101B0F0BD24
:10CEF000018A428B8A4201D208207047828B91427C
:10CF000001D200207047C08A7047C188428B8A4294
:10CF100001D202207047808B814201D204207047E9
:10CF200000207047F0B5044681B0E06E8568066861
:10CF30004768314A0020E065206684F86600296A67
:10CF40002E480140296262602046FFF72BFA2C48E8
:10CF5000696801407029FBD1B1682A48014041F05D
:10CF60000801B16004F16603B968084040F00800A8
:10CF7000B86004F13801E06E90F82720284600F0F0
:10CF800047F82046FFF778FAE06D1F491F4A6160B5
:10CF90000009E06505F11801206EA2610009206614
:10CFA000086820F008000860081D0B6823F400637F
:10CFB0000B60026822F008020260B4F864306B6310
:10CFC000B4F86420AA63B4F86460EE630B6843F0BD
:10CFD00008030B600A6842F400620A60016841F0CD
:10CFE0000801016040F255502A6A02432A6200217A
:10CFF00084F8691001B0F0BD57A20008AAFAFFFF3B
:10D0000070000002C0FFFF7F51D000083DD2000831
:10D01000F0B40468521C04F06004602C18BF52087D
:10D020006FF00204046100251E78102E0DD20769EE
:10D03000BE07F9D56D1CAFB2B7EB421F0461F3DB3D
:10D040001E78102EF0D201200880F0BC704700003E
:10D0500070B4C26E9668146853687568174A1540B4
:10D060007560D4F88040C26D154DA4B2A41AAC42CC
:10D07000B8BF2C4604DBB4F5004FA8BF47F6FF74D9
:10D08000D3F88030026E9BB29B1AAB42B8BF2B46DE
:10D0900004DBB3F5004FA8BF47F6FF734B800C804D
:10D0A000A0F848404B88A0F84A30B1F900204988E0
:10D0B0005242521AA0F84C2070BC70478FFFFFFDFF
:10D0C0000180FFFF70B50646002296F83010104C24
:10D0D000104DFDF733FDA16800B2294000F5004076
:10D0E0000843A0600022206840F001002060304624
:10D0F00096F83110FDF722FD616900B20D4000F590
:10D10000004005436561206840F00200206070BD6A
:10D11000040800500F00FFFF2020F6F7FAB900B511
:10D1200081B00948F8F74FF801B05DF804EB074803
:10D13000F8F749B80648F8F746B80648F7F7A1BC2B
:10D140000448F7F79EBC0000800F002080100020EC
:10D1500000100020000E002030B4002412E050F82F
:10D16000043BDA0744BF4B445B1E091F042943F804
:10D17000044BFAD21A468D0744BF1C80921CCB0781
:10D1800048BF147050F8041B0029E8D130BC704728
:10D190000000005000010050002C01400000000081
:10D1A0000000000000000000800E00008010000061
:10D1B0000000000000000101010101000548D0F855
:10D1C000802042F47002C0F880204FF000610160BE
:10D1D0007047000008ED00E00000000000000000C3
:10D1E000010203040607080910B5034A7A4408320D
:10D1F000024C7C44A41D03E08C000000A800000049
:10D2000004E01168101D114488470246A242F8D17B
:10D2100010BD0146002091F86820012A03D10022A8
:10D22000022081F8682091F86720012A04D10022A9
:10D2300040F0400081F8672070470000C16E8968A7
:10D24000438E4B63828E8A63C08EC86349680348ED
:10D250000140481E8041C043C00F7047700000026B
:10D260004EF68851CEF20001086840F47000086064
:10D27000BFF34F8FBFF36F8F4FF00170E1EE100AD5
:10D2800070470000D5FEFFFF60070000280D00205A
:10D2900000000000674AFFFF6C020000620F000000
:10D2A000000000205354204D432053444B09566541
:10D2B000722E352E342E37000000000000000000D2
:10D2C0000000000000F00DF8002801D0FFF78CFFEF
:10D2D000AFF300800020AFF30080F4F7C7FF00F049
:10D2E00002F80120704700F001B8000007463846F8
:10D2F00000F002F8FBE7000080B5AFF30080024ABF
:10D3000011001820ABBEFBE72600020005480146CD
:10D3100003B4684680F30988AFF30080FFF7A0FFED
:10D32000FFF7D0FFA5EDF5FE0448026842F00102C8
:10D330000260016841F480310160704700080050CC
:10D340000148804701480047BDD100080DD30008BF
:10D350000000000001020304084480F830207047F8
:10D36000084490F83000704700EB41004286704757
:10D37000002180F81C117047FDF710B8FDF70EB8BA
:10D38000FFF7FEBFFFF7FEBFFFF7FEBFFFF7FEBFD1
:10D39000FFF7FEBFFFF7FEBFFFF7FEBFFFF7FEBFC1
:10D3A000FFF7FEBFFFF7FEBFFFF7FEBFFFF7FEBFB1
:10D3B000FFF7FEBFFFF7FEBFFFF7FEBFFFF7FEBFA1
:10D3C000FFF7FEBFFFF7FEBFFFF7FEBFFFF7FEBF91
:10D3D000FFF7FEBFFFF7FEBFFFF7FEBFFFF7FEBF81
:10D3E000FFF7FEBFFFF7FEBFFFF7FEBFFFF7FEBF71
:10D3F000FFF7FEBFFFF7FEBFFFF7FEBFFFF7FEBF61
:10D40000FFF7FEBFFFF7FEBFFFF7FEBFFFF7FEBF50
:10D41000FFF7FEBFFFF7FEBFFFF7FEBFFFF7FEBF40
:10D42000FFF7FEBFFFF7FEBFFFF7FEBFFFF7FEBF30
:10D43000FFF7FEBFFFF7FEBFFFF7FEBFFFF7FEBF20
:10D44000FFF7FEBFFFF7FEBFFFF7FEBFFFF7FEBF10
:10D45000FFF7FEBFFFF7FEBFFFF7FEBFFFF7FEBF00
:10D46000FFF7FEBFFFF7FEBFFFF7FEBFFFF7FEBFF0
:10D47000FFF7FEBFFFF7FEBFFFF7FEBFFFF7FEBFE0
:10D48000FFF7FEBFFFF7FEBFFFF7FEBFFFF7FEBFD0
:10D49000FFF7FEBFFFF7FEBFFFF7FEBFFFF7FEBFC0
:10D4A000FFF7FEBFFFF7FEBFFFF7FEBFFFF7FEBFB0
:10D4B000FFF7FEBFFFF7FEBFFFF7FEBFFFF7FEBFA0
:10D4C000FFF7FEBFFFF7FEBFFFF7FEBFFFF7FEBF90
:10D4D000FFF7FEBFFFF7FEBFFFF7FEBFFFF7FEBF80
:10D4E000FFF7FEBFFFF7FEBFFFF7FEBFFFF7FEBF70
:10D4F000FFF7FEBFFFF7FEBFFFF7FEBFFFF7FEBF60
:10D50000FFF7FEBF120001F3FD2000017401DFB040
:10D5100009128401803E191EB410A88B00005874B3
:10D52000FFEA2216DD0001000408000A3A8001E843
:10D530000C1E101009C0FF1F004000E0FF7F01809B
:10D5400008B002400E000E2CF31923082CF10B0139
:10D550002002E80341032D23BFFC96B201381017C7
:10D5600051D0000879C40008A5C3000825CF0008E1
:10D5700039C200083DD200081304E161F30D09E649
:10D5800073900768420000FF002A002A27433421D5
:10D590000D1390D15012051FD10112BD9AF0050450
:10D5A000FFFF10270000015DF00212E803FA0038C7
:10D5B000F33640000153E803F8F0010310000C5467
:10D5C0001001E8035C71126493F103B29B2B020A11
:10D5D0009101937B03172250381204048C08060033
:10D5E00017147E0B000044145F03100359D3000886
:10D5F000610412690410035B3300082908F0033842
:10D60000C5D0000800013201B8F305102752F0849C
:10D610001BFF7F9879FF7F867E927DA37CB97BD4A8
:10D620007AF479197943787177A376D9751375519E
:10D63000749373D87221726D71BD700F70656FBE77
:10D640006E196E786DD96C3D6CA36B0C6B786AE6C5
:10D65000695669C8683D68B4672D67A8662566A3E2
:10D66000652465A7642B64B1633963C3624E62DBD2
:10D67000616961F9608B601E60B25F485FDF5E7751
:10D680005E115EAC5D485DE65C845C245CC55B68F5
:10D690005B0B5BAF5A555AEEF3FF3F0001F10001FF
:10D6A000FF10380120035E70E305FA0410D8F10280
:10D6B00014180B24F4004CBE0000F7BA000095B813
:10D6C000FA1C03B60000B9B389031EB1AB041017EE
:10D6D000AE00003AAC0000AFA900001FA700008A0E
:10D6E000A40000F2A10000579F2410139C00001A10
:10D6F0009A000079970000D89400003792000097B4
:10D700008F48100F8C00005A8A0000BE8700002648
:10D710008500009182711C13800000737D0000EB76
:10D720007A000069780000EC75000076730F041031
:10D73000037100009C6E64100B6C0000E069000037
:10D740008D6700004265301003630000C6609018CA
:10D75000065E00006C5C00004D48101C375800004D
:10D760002A560000275400002C5200003C500000B4
:10D77000544E0000774C0000A24A841C0E48000062
:10D78000174700005F450000B04300000BC40416BB
:10D790006F2E1008DC3E0000533D0000D23B981273
:10D7A0003A8410033800008537481807360000D146
:10D7B00034000084337A1632181C0B310000CC2F51
:10D7C00000009E2E0000782DC0031C062C00004196
:10D7D0002B0000310505172729271C0228000028E7
:10D7E0006C0310043226000043254C12247C1C06D6
:10D7F0002300009A220000C21C0516F176122404B0
:10D80000135E1FD41DEF0513DF1D301104100775C3
:10D810001C0000C71B00001D0413781AA81D590422
:10D82000123B041003A31800000F04177F175416AF
:10D83000161811041003E4150000620413E4141018
:10D8400011041003F11300007C04120B0410039C5C
:10D8500012000030041003C7110000610416FEE13D
:10D86000129D04123E041003E20F000088041231DE
:10D87000041EDC4F0612890412380413E90D381116
:10D88000041252041209041EC10A05127C04123843
:10D89000041EF7B00412B604127804123A041EFFF4
:10D8A000DF0612C504128C04125504121F041EEA6E
:10D8B0001B0712B6041284041253041224041EF52A
:10D8C000C20412C804129B04127004124504121CF4
:10D8D0000417F40740110412A604128004125B041A
:10D8E000131ECF0C16CC541C07CA0000B1C8000090
:10D8F000BCC6BC06180AC40000B8C20000AAC0001A
:10D900000093781F75BC4905197C1A247C4BF2B52D
:10D910007C1A7B7C180338AF0000F07C13A3AA7C30
:10D9200012A8A01EA593071802A300004F80180399
:10D93000F39E000096801A38801AD8801B79958C47
:10D940001403930000BB9080168ECC198413A78912
:10D950002C198413FA843819841A59841B0E7E58A2
:10D96000127BD01806790000467700000D881C0352
:10D97000D9720000AB35031A83881A61881C0445EC
:10D980006A00002F684503180366000018645416E7
:10D9900062BC198C1A2A8C1A3E8C1A5A8C1A7D8CED
:10D9A0001AA88C1ADB8C140815530000565100007D
:10D9B000A04FB018024D000049901AAA9018031207
:10D9C00049000082901AF990137844C01990180306
:10D9D0008C41000022941ABE941A6294170D3C10D8
:10D9E0001994137839CC19981AFF941803CD35007F
:10D9F00000A1981A7C981A5D981A44981F32304CEE
:10DA000003199C1A1F9C1A1F9C1A249C1A2F9C1ADB
:10DA1000409C1A569C1A729C1A929C1AB89C1AE343
:10DA20009C1213041A48A01A81A01ABFA012010464
:10DA30001A48A41A94A01AE3A01237041A8EA41A42
:10DA4000EAA01249041AACA41213041A7EA41AEC18
:10DA5000A4125D041AD2A4124A041AC5A4124304E3
:10DA60001AC4A81249041AD0A8125A041AE6A81215
:10DA700076041208041A9CAC1233041ACDA8126959
:10DA8000041207041AA7AC124A041AEEAC12950449
:10DA9000123E041AE9AC1296041244041AF5AC12B0
:10DAA000A704125B041211041AC8B0128104123CBC
:10DAB000041AF8AC12B6041275041236041AF7B040
:10DAC00012BB041280045E45CE072DC80412020466
:10DAD0002D91072D84072DC80712060419773D657F
:10DAE000072DD6092DB20919DB3D010811473D6A02
:10DAF00009116B3D1C05118F12009F1200AB120023
:10DB0000BB1200C71200D71200E31200EF2E000074
:10DB100008150716001316001B1600272E00C6094D
:10DB2000153B3D61052D0F09155716006316006B57
:10DB300016007316007F2E008F07158F1600973D75
:10DB4000400915A71600AF1600B71600BF1600C78C
:10DB50001600CF1600D71600DF1600E71600EF16E6
:10DB600000F71600FF1E009B041A000B1A00131A80
:10DB7000001B1E00B7041A00271A002F1A00373D99
:10DB800026072D0506194B1A00531E00EB041A0038
:10DB90005F1A00671300460419731E000B051A0074
:10DBA0007F1A008713004B0419931A009B1E002F45
:10DBB000051A00A71E003B051A00B31E0047051AF0
:10DBC00000BF1A00C71300550419D31300570419D6
:10DBD000DF130059042DBF07125B0419F713005D12
:10DBE000041D030313005F041D0F03130061041DD4
:10DBF0001B032DAB051D46092F0000B7051D330380
:10DC00001E00C3051E003F031E00CF051E004B0370
:10DC100013006B041D570313006D041D63031300F1
:10DC20006F041D6F031E00FB051E007B031E000713
:10DC300006130074041D8B03130076041D97031E46
:10DC40000023061E00A3031E002F061E00AF0313B1
:10DC5000007C041D3F061E00BF0313007F041DCB84
:10DC600003130081042D5B061283041DE3031E00D1
:10DC70006B06130086041DF303130088041DFF03C5
:10DC80001E0087061E00C60B1E000F0413008D0425
:10DC90001D1B041E00A3061E002704130091041D73
:10DCA000B3061E0037041E00BF06400100950001A8
:05DCB000000127000245
:040000050800D30D0F
:00000001FF
